X,Y,full_id,osm_id,osm_type,shop,start_date,ref,historic:name,historic:alt_name,historic,check_date:opening_hours,building:levels,payment:visa,payment:mastercard,check_date,building_2,building_1,short_name,comments,alt_name,addr:housename,official_name,wheelchair,cuisine,contact:website,branch,organic,operator,contact:phone,website,phone,parking,opening_hours,name,designation,building,brand:wikidata,brand,addr:street,addr:state,addr:postcode,addr:housenumber,addr:city,outdoor_seating,indoor_seating,diet:halal,amenity,entrance,level,layer,path
569638.274613638,4186749.50028809,w22916723,"22916723",way,supermarket,,,,,,,,,,,,,,,,,,,,,,,,,https://local.safeway.com/safeway/ca/oakland/2096-mountain-blvd.html,+1 510-482-2266,rooftop,"06:00-24:00",Safeway,Safeway 0654,yes,Q1508234,Safeway,Mountain Boulevard,CA,"94611","2096",Oakland,,,,,,,oak,"Point?crs=EPSG:4326&field=full_id:string(0,0)&field=osm_id:string(0,0)&field=osm_type:string(0,0)&field=shop:string(0,0)&field=start_date:string(0,0)&field=ref:string(0,0)&field=historic%3Aname:string(0,0)&field=historic%3Aalt_name:string(0,0)&field=historic:string(0,0)&field=check_date%3Aopening_hours:string(0,0)&field=building%3Alevels:string(0,0)&field=payment%3Avisa:string(0,0)&field=payment%3Amastercard:string(0,0)&field=check_date:string(0,0)&field=building_2:string(0,0)&field=building_1:string(0,0)&field=short_name:string(0,0)&field=comments:string(0,0)&field=alt_name:string(0,0)&field=addr%3Ahousename:string(0,0)&field=official_name:string(0,0)&field=wheelchair:string(0,0)&field=cuisine:string(0,0)&field=contact%3Awebsite:string(0,0)&field=branch:string(0,0)&field=organic:string(0,0)&field=operator:string(0,0)&field=contact%3Aphone:string(0,0)&field=website:string(0,0)&field=phone:string(0,0)&field=parking:string(0,0)&field=opening_hours:string(0,0)&field=name:string(0,0)&field=designation:string(0,0)&field=building:string(0,0)&field=brand%3Awikidata:string(0,0)&field=brand:string(0,0)&field=addr%3Astreet:string(0,0)&field=addr%3Astate:string(0,0)&field=addr%3Apostcode:string(0,0)&field=addr%3Ahousenumber:string(0,0)&field=addr%3Acity:string(0,0)&uid={9b6a210f-02c6-4379-8d5b-9a40f04860dc}"
569419.273339849,4186971.90193602,w94405302,"94405302",way,supermarket,,,,,,,,,,,,,,,,,,,,,,,,,,,,,Lucky,,yes,Q6698032,Lucky,Moraga Avenue,,,"6344",,,,,,,,oak,"Point?crs=EPSG:4326&field=full_id:string(0,0)&field=osm_id:string(0,0)&field=osm_type:string(0,0)&field=shop:string(0,0)&field=start_date:string(0,0)&field=ref:string(0,0)&field=historic%3Aname:string(0,0)&field=historic%3Aalt_name:string(0,0)&field=historic:string(0,0)&field=check_date%3Aopening_hours:string(0,0)&field=building%3Alevels:string(0,0)&field=payment%3Avisa:string(0,0)&field=payment%3Amastercard:string(0,0)&field=check_date:string(0,0)&field=building_2:string(0,0)&field=building_1:string(0,0)&field=short_name:string(0,0)&field=comments:string(0,0)&field=alt_name:string(0,0)&field=addr%3Ahousename:string(0,0)&field=official_name:string(0,0)&field=wheelchair:string(0,0)&field=cuisine:string(0,0)&field=contact%3Awebsite:string(0,0)&field=branch:string(0,0)&field=organic:string(0,0)&field=operator:string(0,0)&field=contact%3Aphone:string(0,0)&field=website:string(0,0)&field=phone:string(0,0)&field=parking:string(0,0)&field=opening_hours:string(0,0)&field=name:string(0,0)&field=designation:string(0,0)&field=building:string(0,0)&field=brand%3Awikidata:string(0,0)&field=brand:string(0,0)&field=addr%3Astreet:string(0,0)&field=addr%3Astate:string(0,0)&field=addr%3Apostcode:string(0,0)&field=addr%3Ahousenumber:string(0,0)&field=addr%3Acity:string(0,0)&uid={9b6a210f-02c6-4379-8d5b-9a40f04860dc}"
569020.054407303,4183865.83354945,w105058438,"105058438",way,supermarket,,,,,,,,,,,,,,,,,,,,,,yes,Joe,+1-510-482-8899,http://farmerjoesmarketplace.com/,,,"08:30-20:30",Farmer Joe's,,retail,,,Fruitvale Avenue,CA,,"3426",Oakland,,,,,,,oak,"Point?crs=EPSG:4326&field=full_id:string(0,0)&field=osm_id:string(0,0)&field=osm_type:string(0,0)&field=shop:string(0,0)&field=start_date:string(0,0)&field=ref:string(0,0)&field=historic%3Aname:string(0,0)&field=historic%3Aalt_name:string(0,0)&field=historic:string(0,0)&field=check_date%3Aopening_hours:string(0,0)&field=building%3Alevels:string(0,0)&field=payment%3Avisa:string(0,0)&field=payment%3Amastercard:string(0,0)&field=check_date:string(0,0)&field=building_2:string(0,0)&field=building_1:string(0,0)&field=short_name:string(0,0)&field=comments:string(0,0)&field=alt_name:string(0,0)&field=addr%3Ahousename:string(0,0)&field=official_name:string(0,0)&field=wheelchair:string(0,0)&field=cuisine:string(0,0)&field=contact%3Awebsite:string(0,0)&field=branch:string(0,0)&field=organic:string(0,0)&field=operator:string(0,0)&field=contact%3Aphone:string(0,0)&field=website:string(0,0)&field=phone:string(0,0)&field=parking:string(0,0)&field=opening_hours:string(0,0)&field=name:string(0,0)&field=designation:string(0,0)&field=building:string(0,0)&field=brand%3Awikidata:string(0,0)&field=brand:string(0,0)&field=addr%3Astreet:string(0,0)&field=addr%3Astate:string(0,0)&field=addr%3Apostcode:string(0,0)&field=addr%3Ahousenumber:string(0,0)&field=addr%3Acity:string(0,0)&uid={9b6a210f-02c6-4379-8d5b-9a40f04860dc}"
570027.738761497,4183571.34275456,w109107328,"109107328",way,supermarket,,,,,,,,,,,,,,,,,,,,,,,,,,,,,The Food Mill,,yes,,,MacArthur Boulevard,,,"3033",,,,,,,,oak,"Point?crs=EPSG:4326&field=full_id:string(0,0)&field=osm_id:string(0,0)&field=osm_type:string(0,0)&field=shop:string(0,0)&field=start_date:string(0,0)&field=ref:string(0,0)&field=historic%3Aname:string(0,0)&field=historic%3Aalt_name:string(0,0)&field=historic:string(0,0)&field=check_date%3Aopening_hours:string(0,0)&field=building%3Alevels:string(0,0)&field=payment%3Avisa:string(0,0)&field=payment%3Amastercard:string(0,0)&field=check_date:string(0,0)&field=building_2:string(0,0)&field=building_1:string(0,0)&field=short_name:string(0,0)&field=comments:string(0,0)&field=alt_name:string(0,0)&field=addr%3Ahousename:string(0,0)&field=official_name:string(0,0)&field=wheelchair:string(0,0)&field=cuisine:string(0,0)&field=contact%3Awebsite:string(0,0)&field=branch:string(0,0)&field=organic:string(0,0)&field=operator:string(0,0)&field=contact%3Aphone:string(0,0)&field=website:string(0,0)&field=phone:string(0,0)&field=parking:string(0,0)&field=opening_hours:string(0,0)&field=name:string(0,0)&field=designation:string(0,0)&field=building:string(0,0)&field=brand%3Awikidata:string(0,0)&field=brand:string(0,0)&field=addr%3Astreet:string(0,0)&field=addr%3Astate:string(0,0)&field=addr%3Apostcode:string(0,0)&field=addr%3Ahousenumber:string(0,0)&field=addr%3Acity:string(0,0)&uid={9b6a210f-02c6-4379-8d5b-9a40f04860dc}"
567778.672265983,4181199.33845508,w116807337,"116807337",way,supermarket,,,,,,,,,,,,,,,,,,,,,,,,,,+1-510-437-8000,,,FoodMaxx,,retail,Q61894844,FoodMaxx,East 9th Street,,"94601","3100",Oakland,,,,,,,oak,"Point?crs=EPSG:4326&field=full_id:string(0,0)&field=osm_id:string(0,0)&field=osm_type:string(0,0)&field=shop:string(0,0)&field=start_date:string(0,0)&field=ref:string(0,0)&field=historic%3Aname:string(0,0)&field=historic%3Aalt_name:string(0,0)&field=historic:string(0,0)&field=check_date%3Aopening_hours:string(0,0)&field=building%3Alevels:string(0,0)&field=payment%3Avisa:string(0,0)&field=payment%3Amastercard:string(0,0)&field=check_date:string(0,0)&field=building_2:string(0,0)&field=building_1:string(0,0)&field=short_name:string(0,0)&field=comments:string(0,0)&field=alt_name:string(0,0)&field=addr%3Ahousename:string(0,0)&field=official_name:string(0,0)&field=wheelchair:string(0,0)&field=cuisine:string(0,0)&field=contact%3Awebsite:string(0,0)&field=branch:string(0,0)&field=organic:string(0,0)&field=operator:string(0,0)&field=contact%3Aphone:string(0,0)&field=website:string(0,0)&field=phone:string(0,0)&field=parking:string(0,0)&field=opening_hours:string(0,0)&field=name:string(0,0)&field=designation:string(0,0)&field=building:string(0,0)&field=brand%3Awikidata:string(0,0)&field=brand:string(0,0)&field=addr%3Astreet:string(0,0)&field=addr%3Astate:string(0,0)&field=addr%3Apostcode:string(0,0)&field=addr%3Ahousenumber:string(0,0)&field=addr%3Acity:string(0,0)&uid={9b6a210f-02c6-4379-8d5b-9a40f04860dc}"
569077.415960573,4184054.05168133,w118422328,"118422328",way,supermarket,,,,,,,,,,,,,,,,,,,,,"0908",,,,https://local.safeway.com/safeway/ca/oakland/3550-fruitvale-ave.html,+1 510-530-7067,,"06:00-24:00",Safeway,Safeway 0908,yes,Q1508234,Safeway,Fruitvale Avenue,CA,"94602","3550",Oakland,,,,,,,oak,"Point?crs=EPSG:4326&field=full_id:string(0,0)&field=osm_id:string(0,0)&field=osm_type:string(0,0)&field=shop:string(0,0)&field=start_date:string(0,0)&field=ref:string(0,0)&field=historic%3Aname:string(0,0)&field=historic%3Aalt_name:string(0,0)&field=historic:string(0,0)&field=check_date%3Aopening_hours:string(0,0)&field=building%3Alevels:string(0,0)&field=payment%3Avisa:string(0,0)&field=payment%3Amastercard:string(0,0)&field=check_date:string(0,0)&field=building_2:string(0,0)&field=building_1:string(0,0)&field=short_name:string(0,0)&field=comments:string(0,0)&field=alt_name:string(0,0)&field=addr%3Ahousename:string(0,0)&field=official_name:string(0,0)&field=wheelchair:string(0,0)&field=cuisine:string(0,0)&field=contact%3Awebsite:string(0,0)&field=branch:string(0,0)&field=organic:string(0,0)&field=operator:string(0,0)&field=contact%3Aphone:string(0,0)&field=website:string(0,0)&field=phone:string(0,0)&field=parking:string(0,0)&field=opening_hours:string(0,0)&field=name:string(0,0)&field=designation:string(0,0)&field=building:string(0,0)&field=brand%3Awikidata:string(0,0)&field=brand:string(0,0)&field=addr%3Astreet:string(0,0)&field=addr%3Astate:string(0,0)&field=addr%3Apostcode:string(0,0)&field=addr%3Ahousenumber:string(0,0)&field=addr%3Acity:string(0,0)&uid={9b6a210f-02c6-4379-8d5b-9a40f04860dc}"
564443.641762834,4185382.00507265,w124842857,"124842857",way,supermarket,,,,,,,,,,,,,,,,,,yes,korean,http://www.koreanaplaza.com/,,,,+1-510-986-1234,,,,"07:00-22:00",Koreana Plaza,,retail,,,,,,"2370",,,,,,,,oak,"Point?crs=EPSG:4326&field=full_id:string(0,0)&field=osm_id:string(0,0)&field=osm_type:string(0,0)&field=shop:string(0,0)&field=start_date:string(0,0)&field=ref:string(0,0)&field=historic%3Aname:string(0,0)&field=historic%3Aalt_name:string(0,0)&field=historic:string(0,0)&field=check_date%3Aopening_hours:string(0,0)&field=building%3Alevels:string(0,0)&field=payment%3Avisa:string(0,0)&field=payment%3Amastercard:string(0,0)&field=check_date:string(0,0)&field=building_2:string(0,0)&field=building_1:string(0,0)&field=short_name:string(0,0)&field=comments:string(0,0)&field=alt_name:string(0,0)&field=addr%3Ahousename:string(0,0)&field=official_name:string(0,0)&field=wheelchair:string(0,0)&field=cuisine:string(0,0)&field=contact%3Awebsite:string(0,0)&field=branch:string(0,0)&field=organic:string(0,0)&field=operator:string(0,0)&field=contact%3Aphone:string(0,0)&field=website:string(0,0)&field=phone:string(0,0)&field=parking:string(0,0)&field=opening_hours:string(0,0)&field=name:string(0,0)&field=designation:string(0,0)&field=building:string(0,0)&field=brand%3Awikidata:string(0,0)&field=brand:string(0,0)&field=addr%3Astreet:string(0,0)&field=addr%3Astate:string(0,0)&field=addr%3Apostcode:string(0,0)&field=addr%3Ahousenumber:string(0,0)&field=addr%3Acity:string(0,0)&uid={9b6a210f-02c6-4379-8d5b-9a40f04860dc}"
565007.05741872,4185826.18687345,w125697186,"125697186",way,supermarket,,,,,,,,,,,,,,,,,Grocery Outlet Bargain Market,yes,,groceryoutlet.com,,,,,,,,"07:00-22:00",Grocery Outlet,,yes,Q5609934,Grocery Outlet,Broadway,,,"2910",,,,,,,,oak,"Point?crs=EPSG:4326&field=full_id:string(0,0)&field=osm_id:string(0,0)&field=osm_type:string(0,0)&field=shop:string(0,0)&field=start_date:string(0,0)&field=ref:string(0,0)&field=historic%3Aname:string(0,0)&field=historic%3Aalt_name:string(0,0)&field=historic:string(0,0)&field=check_date%3Aopening_hours:string(0,0)&field=building%3Alevels:string(0,0)&field=payment%3Avisa:string(0,0)&field=payment%3Amastercard:string(0,0)&field=check_date:string(0,0)&field=building_2:string(0,0)&field=building_1:string(0,0)&field=short_name:string(0,0)&field=comments:string(0,0)&field=alt_name:string(0,0)&field=addr%3Ahousename:string(0,0)&field=official_name:string(0,0)&field=wheelchair:string(0,0)&field=cuisine:string(0,0)&field=contact%3Awebsite:string(0,0)&field=branch:string(0,0)&field=organic:string(0,0)&field=operator:string(0,0)&field=contact%3Aphone:string(0,0)&field=website:string(0,0)&field=phone:string(0,0)&field=parking:string(0,0)&field=opening_hours:string(0,0)&field=name:string(0,0)&field=designation:string(0,0)&field=building:string(0,0)&field=brand%3Awikidata:string(0,0)&field=brand:string(0,0)&field=addr%3Astreet:string(0,0)&field=addr%3Astate:string(0,0)&field=addr%3Apostcode:string(0,0)&field=addr%3Ahousenumber:string(0,0)&field=addr%3Acity:string(0,0)&uid={9b6a210f-02c6-4379-8d5b-9a40f04860dc}"
565759.356127701,4186723.39563277,w221073981,"221073981",way,supermarket,,,,,,,,,,,,,,,,Piedmont Grocery,,,,,,,,,https://piedmontgrocery.com/,,,,Piedmont Grocery,,yes,,,Piedmont Avenue,,"94611","4038",Oakland,,,,,,,oak,"Point?crs=EPSG:4326&field=full_id:string(0,0)&field=osm_id:string(0,0)&field=osm_type:string(0,0)&field=shop:string(0,0)&field=start_date:string(0,0)&field=ref:string(0,0)&field=historic%3Aname:string(0,0)&field=historic%3Aalt_name:string(0,0)&field=historic:string(0,0)&field=check_date%3Aopening_hours:string(0,0)&field=building%3Alevels:string(0,0)&field=payment%3Avisa:string(0,0)&field=payment%3Amastercard:string(0,0)&field=check_date:string(0,0)&field=building_2:string(0,0)&field=building_1:string(0,0)&field=short_name:string(0,0)&field=comments:string(0,0)&field=alt_name:string(0,0)&field=addr%3Ahousename:string(0,0)&field=official_name:string(0,0)&field=wheelchair:string(0,0)&field=cuisine:string(0,0)&field=contact%3Awebsite:string(0,0)&field=branch:string(0,0)&field=organic:string(0,0)&field=operator:string(0,0)&field=contact%3Aphone:string(0,0)&field=website:string(0,0)&field=phone:string(0,0)&field=parking:string(0,0)&field=opening_hours:string(0,0)&field=name:string(0,0)&field=designation:string(0,0)&field=building:string(0,0)&field=brand%3Awikidata:string(0,0)&field=brand:string(0,0)&field=addr%3Astreet:string(0,0)&field=addr%3Astate:string(0,0)&field=addr%3Apostcode:string(0,0)&field=addr%3Ahousenumber:string(0,0)&field=addr%3Acity:string(0,0)&uid={9b6a210f-02c6-4379-8d5b-9a40f04860dc}"
565733.8681982,4183814.16607155,w232290752,"232290752",way,supermarket,,,,,,,,,,,,,,,,,,,,,,,,,,,,,Lucky,,yes,Q6698032,Lucky,East 18th Street,,,"237;247;265",,,,,,,,oak,"Point?crs=EPSG:4326&field=full_id:string(0,0)&field=osm_id:string(0,0)&field=osm_type:string(0,0)&field=shop:string(0,0)&field=start_date:string(0,0)&field=ref:string(0,0)&field=historic%3Aname:string(0,0)&field=historic%3Aalt_name:string(0,0)&field=historic:string(0,0)&field=check_date%3Aopening_hours:string(0,0)&field=building%3Alevels:string(0,0)&field=payment%3Avisa:string(0,0)&field=payment%3Amastercard:string(0,0)&field=check_date:string(0,0)&field=building_2:string(0,0)&field=building_1:string(0,0)&field=short_name:string(0,0)&field=comments:string(0,0)&field=alt_name:string(0,0)&field=addr%3Ahousename:string(0,0)&field=official_name:string(0,0)&field=wheelchair:string(0,0)&field=cuisine:string(0,0)&field=contact%3Awebsite:string(0,0)&field=branch:string(0,0)&field=organic:string(0,0)&field=operator:string(0,0)&field=contact%3Aphone:string(0,0)&field=website:string(0,0)&field=phone:string(0,0)&field=parking:string(0,0)&field=opening_hours:string(0,0)&field=name:string(0,0)&field=designation:string(0,0)&field=building:string(0,0)&field=brand%3Awikidata:string(0,0)&field=brand:string(0,0)&field=addr%3Astreet:string(0,0)&field=addr%3Astate:string(0,0)&field=addr%3Apostcode:string(0,0)&field=addr%3Ahousenumber:string(0,0)&field=addr%3Acity:string(0,0)&uid={9b6a210f-02c6-4379-8d5b-9a40f04860dc}"
570372.968028422,4183199.36219759,w236495188,"236495188",way,supermarket,,,,,,,,,,,,,,,,,,,,,,yes,,+1-510-482-8178,http://farmerjoesmarketplace.com/,,,"Mo-Fr 09:00-20:00; Sa-Su 9:00-19:30",Farmer Joe's,,retail,,,MacArthur Boulevard,,,"3501",,,,,,,,oak,"Point?crs=EPSG:4326&field=full_id:string(0,0)&field=osm_id:string(0,0)&field=osm_type:string(0,0)&field=shop:string(0,0)&field=start_date:string(0,0)&field=ref:string(0,0)&field=historic%3Aname:string(0,0)&field=historic%3Aalt_name:string(0,0)&field=historic:string(0,0)&field=check_date%3Aopening_hours:string(0,0)&field=building%3Alevels:string(0,0)&field=payment%3Avisa:string(0,0)&field=payment%3Amastercard:string(0,0)&field=check_date:string(0,0)&field=building_2:string(0,0)&field=building_1:string(0,0)&field=short_name:string(0,0)&field=comments:string(0,0)&field=alt_name:string(0,0)&field=addr%3Ahousename:string(0,0)&field=official_name:string(0,0)&field=wheelchair:string(0,0)&field=cuisine:string(0,0)&field=contact%3Awebsite:string(0,0)&field=branch:string(0,0)&field=organic:string(0,0)&field=operator:string(0,0)&field=contact%3Aphone:string(0,0)&field=website:string(0,0)&field=phone:string(0,0)&field=parking:string(0,0)&field=opening_hours:string(0,0)&field=name:string(0,0)&field=designation:string(0,0)&field=building:string(0,0)&field=brand%3Awikidata:string(0,0)&field=brand:string(0,0)&field=addr%3Astreet:string(0,0)&field=addr%3Astate:string(0,0)&field=addr%3Apostcode:string(0,0)&field=addr%3Ahousenumber:string(0,0)&field=addr%3Acity:string(0,0)&uid={9b6a210f-02c6-4379-8d5b-9a40f04860dc}"
571977.155361628,4183756.61769118,w241077434,"241077434",way,supermarket,,,,,,,,,,,,,,,,,,,,,"0638",,,,https://local.safeway.com/safeway/ca/oakland/4100-redwood-rd.html,+1 510-531-0565,,"06:00-24:00",Safeway,Safeway 0638,yes,Q1508234,Safeway,Redwood Road,CA,"94619","4100",Oakland,,,,,,,oak,"Point?crs=EPSG:4326&field=full_id:string(0,0)&field=osm_id:string(0,0)&field=osm_type:string(0,0)&field=shop:string(0,0)&field=start_date:string(0,0)&field=ref:string(0,0)&field=historic%3Aname:string(0,0)&field=historic%3Aalt_name:string(0,0)&field=historic:string(0,0)&field=check_date%3Aopening_hours:string(0,0)&field=building%3Alevels:string(0,0)&field=payment%3Avisa:string(0,0)&field=payment%3Amastercard:string(0,0)&field=check_date:string(0,0)&field=building_2:string(0,0)&field=building_1:string(0,0)&field=short_name:string(0,0)&field=comments:string(0,0)&field=alt_name:string(0,0)&field=addr%3Ahousename:string(0,0)&field=official_name:string(0,0)&field=wheelchair:string(0,0)&field=cuisine:string(0,0)&field=contact%3Awebsite:string(0,0)&field=branch:string(0,0)&field=organic:string(0,0)&field=operator:string(0,0)&field=contact%3Aphone:string(0,0)&field=website:string(0,0)&field=phone:string(0,0)&field=parking:string(0,0)&field=opening_hours:string(0,0)&field=name:string(0,0)&field=designation:string(0,0)&field=building:string(0,0)&field=brand%3Awikidata:string(0,0)&field=brand:string(0,0)&field=addr%3Astreet:string(0,0)&field=addr%3Astate:string(0,0)&field=addr%3Apostcode:string(0,0)&field=addr%3Ahousenumber:string(0,0)&field=addr%3Acity:string(0,0)&uid={9b6a210f-02c6-4379-8d5b-9a40f04860dc}"
566390.555966283,4185814.05363354,w241080851,"241080851",way,supermarket,,,,,,,,,,,,,,,,,,,,,"1119",,,,https://local.safeway.com/safeway/ca/oakland/3747-grand-ave.html,+1 510-465-4187,,"06:00-24:00",Safeway,Safeway 1119,yes,Q1508234,Safeway,Grand Avenue,CA,"94610","3747",Oakland,,,,,,,oak,"Point?crs=EPSG:4326&field=full_id:string(0,0)&field=osm_id:string(0,0)&field=osm_type:string(0,0)&field=shop:string(0,0)&field=start_date:string(0,0)&field=ref:string(0,0)&field=historic%3Aname:string(0,0)&field=historic%3Aalt_name:string(0,0)&field=historic:string(0,0)&field=check_date%3Aopening_hours:string(0,0)&field=building%3Alevels:string(0,0)&field=payment%3Avisa:string(0,0)&field=payment%3Amastercard:string(0,0)&field=check_date:string(0,0)&field=building_2:string(0,0)&field=building_1:string(0,0)&field=short_name:string(0,0)&field=comments:string(0,0)&field=alt_name:string(0,0)&field=addr%3Ahousename:string(0,0)&field=official_name:string(0,0)&field=wheelchair:string(0,0)&field=cuisine:string(0,0)&field=contact%3Awebsite:string(0,0)&field=branch:string(0,0)&field=organic:string(0,0)&field=operator:string(0,0)&field=contact%3Aphone:string(0,0)&field=website:string(0,0)&field=phone:string(0,0)&field=parking:string(0,0)&field=opening_hours:string(0,0)&field=name:string(0,0)&field=designation:string(0,0)&field=building:string(0,0)&field=brand%3Awikidata:string(0,0)&field=brand:string(0,0)&field=addr%3Astreet:string(0,0)&field=addr%3Astate:string(0,0)&field=addr%3Apostcode:string(0,0)&field=addr%3Ahousenumber:string(0,0)&field=addr%3Acity:string(0,0)&uid={9b6a210f-02c6-4379-8d5b-9a40f04860dc}"
569393.589300126,4180962.79209284,w311006345,"311006345",way,supermarket,,,,,,,,,,,,,,,,,,,latin_american,,,,,,,,,,Cardenas,,yes,Q64149543,Cardenas,High Street,,,"1630",,,,,,,,oak,"Point?crs=EPSG:4326&field=full_id:string(0,0)&field=osm_id:string(0,0)&field=osm_type:string(0,0)&field=shop:string(0,0)&field=start_date:string(0,0)&field=ref:string(0,0)&field=historic%3Aname:string(0,0)&field=historic%3Aalt_name:string(0,0)&field=historic:string(0,0)&field=check_date%3Aopening_hours:string(0,0)&field=building%3Alevels:string(0,0)&field=payment%3Avisa:string(0,0)&field=payment%3Amastercard:string(0,0)&field=check_date:string(0,0)&field=building_2:string(0,0)&field=building_1:string(0,0)&field=short_name:string(0,0)&field=comments:string(0,0)&field=alt_name:string(0,0)&field=addr%3Ahousename:string(0,0)&field=official_name:string(0,0)&field=wheelchair:string(0,0)&field=cuisine:string(0,0)&field=contact%3Awebsite:string(0,0)&field=branch:string(0,0)&field=organic:string(0,0)&field=operator:string(0,0)&field=contact%3Aphone:string(0,0)&field=website:string(0,0)&field=phone:string(0,0)&field=parking:string(0,0)&field=opening_hours:string(0,0)&field=name:string(0,0)&field=designation:string(0,0)&field=building:string(0,0)&field=brand%3Awikidata:string(0,0)&field=brand:string(0,0)&field=addr%3Astreet:string(0,0)&field=addr%3Astate:string(0,0)&field=addr%3Apostcode:string(0,0)&field=addr%3Ahousenumber:string(0,0)&field=addr%3Acity:string(0,0)&uid={9b6a210f-02c6-4379-8d5b-9a40f04860dc}"
564914.832031645,4186026.98625956,w312196450,"312196450",way,supermarket,,,,,,,,,,,,,Sprouts,"store open as of 1-13-2016, building footprint is rough and needs to be updated",Shops at Broadway,,,,,,Oakland,,,,https://www.sprouts.com/store/ca/oakland/oakland/,+1 510-851-7688,,Mo-Su 07:00-22:00,Sprouts Farmers Market,,yes,Q7581369,Sprouts Farmers Market,Broadway,CA,"94611","3001;3015;3025;3039",Oakland,,,,,,,oak,"Point?crs=EPSG:4326&field=full_id:string(0,0)&field=osm_id:string(0,0)&field=osm_type:string(0,0)&field=shop:string(0,0)&field=start_date:string(0,0)&field=ref:string(0,0)&field=historic%3Aname:string(0,0)&field=historic%3Aalt_name:string(0,0)&field=historic:string(0,0)&field=check_date%3Aopening_hours:string(0,0)&field=building%3Alevels:string(0,0)&field=payment%3Avisa:string(0,0)&field=payment%3Amastercard:string(0,0)&field=check_date:string(0,0)&field=building_2:string(0,0)&field=building_1:string(0,0)&field=short_name:string(0,0)&field=comments:string(0,0)&field=alt_name:string(0,0)&field=addr%3Ahousename:string(0,0)&field=official_name:string(0,0)&field=wheelchair:string(0,0)&field=cuisine:string(0,0)&field=contact%3Awebsite:string(0,0)&field=branch:string(0,0)&field=organic:string(0,0)&field=operator:string(0,0)&field=contact%3Aphone:string(0,0)&field=website:string(0,0)&field=phone:string(0,0)&field=parking:string(0,0)&field=opening_hours:string(0,0)&field=name:string(0,0)&field=designation:string(0,0)&field=building:string(0,0)&field=brand%3Awikidata:string(0,0)&field=brand:string(0,0)&field=addr%3Astreet:string(0,0)&field=addr%3Astate:string(0,0)&field=addr%3Apostcode:string(0,0)&field=addr%3Ahousenumber:string(0,0)&field=addr%3Acity:string(0,0)&uid={9b6a210f-02c6-4379-8d5b-9a40f04860dc}"
571112.174053546,4180762.89789506,w313513853,"313513853",way,supermarket,,,,,,,,,,,,,,,,,,,,,,,,,,,,,ShopRite,,yes,Q7501097,ShopRite,Avenal Avenue,,,"5720",,,,,,,,oak,"Point?crs=EPSG:4326&field=full_id:string(0,0)&field=osm_id:string(0,0)&field=osm_type:string(0,0)&field=shop:string(0,0)&field=start_date:string(0,0)&field=ref:string(0,0)&field=historic%3Aname:string(0,0)&field=historic%3Aalt_name:string(0,0)&field=historic:string(0,0)&field=check_date%3Aopening_hours:string(0,0)&field=building%3Alevels:string(0,0)&field=payment%3Avisa:string(0,0)&field=payment%3Amastercard:string(0,0)&field=check_date:string(0,0)&field=building_2:string(0,0)&field=building_1:string(0,0)&field=short_name:string(0,0)&field=comments:string(0,0)&field=alt_name:string(0,0)&field=addr%3Ahousename:string(0,0)&field=official_name:string(0,0)&field=wheelchair:string(0,0)&field=cuisine:string(0,0)&field=contact%3Awebsite:string(0,0)&field=branch:string(0,0)&field=organic:string(0,0)&field=operator:string(0,0)&field=contact%3Aphone:string(0,0)&field=website:string(0,0)&field=phone:string(0,0)&field=parking:string(0,0)&field=opening_hours:string(0,0)&field=name:string(0,0)&field=designation:string(0,0)&field=building:string(0,0)&field=brand%3Awikidata:string(0,0)&field=brand:string(0,0)&field=addr%3Astreet:string(0,0)&field=addr%3Astate:string(0,0)&field=addr%3Apostcode:string(0,0)&field=addr%3Ahousenumber:string(0,0)&field=addr%3Acity:string(0,0)&uid={9b6a210f-02c6-4379-8d5b-9a40f04860dc}"
575021.42677552,4177661.78693135,w315837049,"315837049",way,supermarket,,,,,,,,,,,,,,,,,,,,,,,,,,,,,Foods Co,,yes,Q5465282,Foods Co,,,,,,,,,,,,oak,"Point?crs=EPSG:4326&field=full_id:string(0,0)&field=osm_id:string(0,0)&field=osm_type:string(0,0)&field=shop:string(0,0)&field=start_date:string(0,0)&field=ref:string(0,0)&field=historic%3Aname:string(0,0)&field=historic%3Aalt_name:string(0,0)&field=historic:string(0,0)&field=check_date%3Aopening_hours:string(0,0)&field=building%3Alevels:string(0,0)&field=payment%3Avisa:string(0,0)&field=payment%3Amastercard:string(0,0)&field=check_date:string(0,0)&field=building_2:string(0,0)&field=building_1:string(0,0)&field=short_name:string(0,0)&field=comments:string(0,0)&field=alt_name:string(0,0)&field=addr%3Ahousename:string(0,0)&field=official_name:string(0,0)&field=wheelchair:string(0,0)&field=cuisine:string(0,0)&field=contact%3Awebsite:string(0,0)&field=branch:string(0,0)&field=organic:string(0,0)&field=operator:string(0,0)&field=contact%3Aphone:string(0,0)&field=website:string(0,0)&field=phone:string(0,0)&field=parking:string(0,0)&field=opening_hours:string(0,0)&field=name:string(0,0)&field=designation:string(0,0)&field=building:string(0,0)&field=brand%3Awikidata:string(0,0)&field=brand:string(0,0)&field=addr%3Astreet:string(0,0)&field=addr%3Astate:string(0,0)&field=addr%3Apostcode:string(0,0)&field=addr%3Ahousenumber:string(0,0)&field=addr%3Acity:string(0,0)&uid={9b6a210f-02c6-4379-8d5b-9a40f04860dc}"
568734.274434031,4182949.69667958,w347004781,"347004781",way,supermarket,,,,,,,,yes,yes,2022-10-31,grocery,Groceries,,,,,,yes,,,,,,,,,,"07:00-20:30",Mi Tierra Super Mercado,,produce,,,Fruitvale Avenue,CA,"94601","2758",Oakland,,,,,,,oak,"Point?crs=EPSG:4326&field=full_id:string(0,0)&field=osm_id:string(0,0)&field=osm_type:string(0,0)&field=shop:string(0,0)&field=start_date:string(0,0)&field=ref:string(0,0)&field=historic%3Aname:string(0,0)&field=historic%3Aalt_name:string(0,0)&field=historic:string(0,0)&field=check_date%3Aopening_hours:string(0,0)&field=building%3Alevels:string(0,0)&field=payment%3Avisa:string(0,0)&field=payment%3Amastercard:string(0,0)&field=check_date:string(0,0)&field=building_2:string(0,0)&field=building_1:string(0,0)&field=short_name:string(0,0)&field=comments:string(0,0)&field=alt_name:string(0,0)&field=addr%3Ahousename:string(0,0)&field=official_name:string(0,0)&field=wheelchair:string(0,0)&field=cuisine:string(0,0)&field=contact%3Awebsite:string(0,0)&field=branch:string(0,0)&field=organic:string(0,0)&field=operator:string(0,0)&field=contact%3Aphone:string(0,0)&field=website:string(0,0)&field=phone:string(0,0)&field=parking:string(0,0)&field=opening_hours:string(0,0)&field=name:string(0,0)&field=designation:string(0,0)&field=building:string(0,0)&field=brand%3Awikidata:string(0,0)&field=brand:string(0,0)&field=addr%3Astreet:string(0,0)&field=addr%3Astate:string(0,0)&field=addr%3Apostcode:string(0,0)&field=addr%3Ahousenumber:string(0,0)&field=addr%3Acity:string(0,0)&uid={9b6a210f-02c6-4379-8d5b-9a40f04860dc}"
569335.030441375,4185232.82783473,w362487046,"362487046",way,supermarket,,,,,,,,,,,,,,,,,,,,http://www.rockysmarket.com/,,,,+1-510-482-2474,,,,"08:00-20:00",Rocky's Market,,yes,,,Leimert Boulevard,,"94602","1440",Oakland,,,,,,,oak,"Point?crs=EPSG:4326&field=full_id:string(0,0)&field=osm_id:string(0,0)&field=osm_type:string(0,0)&field=shop:string(0,0)&field=start_date:string(0,0)&field=ref:string(0,0)&field=historic%3Aname:string(0,0)&field=historic%3Aalt_name:string(0,0)&field=historic:string(0,0)&field=check_date%3Aopening_hours:string(0,0)&field=building%3Alevels:string(0,0)&field=payment%3Avisa:string(0,0)&field=payment%3Amastercard:string(0,0)&field=check_date:string(0,0)&field=building_2:string(0,0)&field=building_1:string(0,0)&field=short_name:string(0,0)&field=comments:string(0,0)&field=alt_name:string(0,0)&field=addr%3Ahousename:string(0,0)&field=official_name:string(0,0)&field=wheelchair:string(0,0)&field=cuisine:string(0,0)&field=contact%3Awebsite:string(0,0)&field=branch:string(0,0)&field=organic:string(0,0)&field=operator:string(0,0)&field=contact%3Aphone:string(0,0)&field=website:string(0,0)&field=phone:string(0,0)&field=parking:string(0,0)&field=opening_hours:string(0,0)&field=name:string(0,0)&field=designation:string(0,0)&field=building:string(0,0)&field=brand%3Awikidata:string(0,0)&field=brand:string(0,0)&field=addr%3Astreet:string(0,0)&field=addr%3Astate:string(0,0)&field=addr%3Apostcode:string(0,0)&field=addr%3Ahousenumber:string(0,0)&field=addr%3Acity:string(0,0)&uid={9b6a210f-02c6-4379-8d5b-9a40f04860dc}"
572929.3474477,4177961.15687638,w390267883,"390267883",way,supermarket,,,,,,,,,,,,,,,,,,,,,,,,,,,,,Super Mercado Mi Tierra,,yes,,,International Boulevard,,,"9509;9521",,,,,,,,oak,"Point?crs=EPSG:4326&field=full_id:string(0,0)&field=osm_id:string(0,0)&field=osm_type:string(0,0)&field=shop:string(0,0)&field=start_date:string(0,0)&field=ref:string(0,0)&field=historic%3Aname:string(0,0)&field=historic%3Aalt_name:string(0,0)&field=historic:string(0,0)&field=check_date%3Aopening_hours:string(0,0)&field=building%3Alevels:string(0,0)&field=payment%3Avisa:string(0,0)&field=payment%3Amastercard:string(0,0)&field=check_date:string(0,0)&field=building_2:string(0,0)&field=building_1:string(0,0)&field=short_name:string(0,0)&field=comments:string(0,0)&field=alt_name:string(0,0)&field=addr%3Ahousename:string(0,0)&field=official_name:string(0,0)&field=wheelchair:string(0,0)&field=cuisine:string(0,0)&field=contact%3Awebsite:string(0,0)&field=branch:string(0,0)&field=organic:string(0,0)&field=operator:string(0,0)&field=contact%3Aphone:string(0,0)&field=website:string(0,0)&field=phone:string(0,0)&field=parking:string(0,0)&field=opening_hours:string(0,0)&field=name:string(0,0)&field=designation:string(0,0)&field=building:string(0,0)&field=brand%3Awikidata:string(0,0)&field=brand:string(0,0)&field=addr%3Astreet:string(0,0)&field=addr%3Astate:string(0,0)&field=addr%3Apostcode:string(0,0)&field=addr%3Ahousenumber:string(0,0)&field=addr%3Acity:string(0,0)&uid={9b6a210f-02c6-4379-8d5b-9a40f04860dc}"
572999.411562723,4177979.63970626,w390267900,"390267900",way,supermarket,,,,,,,,,,,,,,,,,,,,,,,,,,,,,Super Mercado Mi Tierra,,yes,,,International Boulevard,,,"9520;9526",,,,,,,,oak,"Point?crs=EPSG:4326&field=full_id:string(0,0)&field=osm_id:string(0,0)&field=osm_type:string(0,0)&field=shop:string(0,0)&field=start_date:string(0,0)&field=ref:string(0,0)&field=historic%3Aname:string(0,0)&field=historic%3Aalt_name:string(0,0)&field=historic:string(0,0)&field=check_date%3Aopening_hours:string(0,0)&field=building%3Alevels:string(0,0)&field=payment%3Avisa:string(0,0)&field=payment%3Amastercard:string(0,0)&field=check_date:string(0,0)&field=building_2:string(0,0)&field=building_1:string(0,0)&field=short_name:string(0,0)&field=comments:string(0,0)&field=alt_name:string(0,0)&field=addr%3Ahousename:string(0,0)&field=official_name:string(0,0)&field=wheelchair:string(0,0)&field=cuisine:string(0,0)&field=contact%3Awebsite:string(0,0)&field=branch:string(0,0)&field=organic:string(0,0)&field=operator:string(0,0)&field=contact%3Aphone:string(0,0)&field=website:string(0,0)&field=phone:string(0,0)&field=parking:string(0,0)&field=opening_hours:string(0,0)&field=name:string(0,0)&field=designation:string(0,0)&field=building:string(0,0)&field=brand%3Awikidata:string(0,0)&field=brand:string(0,0)&field=addr%3Astreet:string(0,0)&field=addr%3Astate:string(0,0)&field=addr%3Apostcode:string(0,0)&field=addr%3Ahousenumber:string(0,0)&field=addr%3Acity:string(0,0)&uid={9b6a210f-02c6-4379-8d5b-9a40f04860dc}"
568933.641983878,4180904.93550468,w390271194,"390271194",way,supermarket,,,,,,,,,,,,,,,,,,,,,,,,,,,,,Smart & Final Extra!,,yes,Q7543916,Smart & Final,International Boulevard,,,"4117",,,,,,,,oak,"Point?crs=EPSG:4326&field=full_id:string(0,0)&field=osm_id:string(0,0)&field=osm_type:string(0,0)&field=shop:string(0,0)&field=start_date:string(0,0)&field=ref:string(0,0)&field=historic%3Aname:string(0,0)&field=historic%3Aalt_name:string(0,0)&field=historic:string(0,0)&field=check_date%3Aopening_hours:string(0,0)&field=building%3Alevels:string(0,0)&field=payment%3Avisa:string(0,0)&field=payment%3Amastercard:string(0,0)&field=check_date:string(0,0)&field=building_2:string(0,0)&field=building_1:string(0,0)&field=short_name:string(0,0)&field=comments:string(0,0)&field=alt_name:string(0,0)&field=addr%3Ahousename:string(0,0)&field=official_name:string(0,0)&field=wheelchair:string(0,0)&field=cuisine:string(0,0)&field=contact%3Awebsite:string(0,0)&field=branch:string(0,0)&field=organic:string(0,0)&field=operator:string(0,0)&field=contact%3Aphone:string(0,0)&field=website:string(0,0)&field=phone:string(0,0)&field=parking:string(0,0)&field=opening_hours:string(0,0)&field=name:string(0,0)&field=designation:string(0,0)&field=building:string(0,0)&field=brand%3Awikidata:string(0,0)&field=brand:string(0,0)&field=addr%3Astreet:string(0,0)&field=addr%3Astate:string(0,0)&field=addr%3Apostcode:string(0,0)&field=addr%3Ahousenumber:string(0,0)&field=addr%3Acity:string(0,0)&uid={9b6a210f-02c6-4379-8d5b-9a40f04860dc}"
569275.549387982,4180930.74123583,w390271195,"390271195",way,supermarket,,,,,,,,,,,,,,,,,,,,,,,,,,,,,Super Mercado Mi Tierra,,yes,,,,,,,,,,,,,,oak,"Point?crs=EPSG:4326&field=full_id:string(0,0)&field=osm_id:string(0,0)&field=osm_type:string(0,0)&field=shop:string(0,0)&field=start_date:string(0,0)&field=ref:string(0,0)&field=historic%3Aname:string(0,0)&field=historic%3Aalt_name:string(0,0)&field=historic:string(0,0)&field=check_date%3Aopening_hours:string(0,0)&field=building%3Alevels:string(0,0)&field=payment%3Avisa:string(0,0)&field=payment%3Amastercard:string(0,0)&field=check_date:string(0,0)&field=building_2:string(0,0)&field=building_1:string(0,0)&field=short_name:string(0,0)&field=comments:string(0,0)&field=alt_name:string(0,0)&field=addr%3Ahousename:string(0,0)&field=official_name:string(0,0)&field=wheelchair:string(0,0)&field=cuisine:string(0,0)&field=contact%3Awebsite:string(0,0)&field=branch:string(0,0)&field=organic:string(0,0)&field=operator:string(0,0)&field=contact%3Aphone:string(0,0)&field=website:string(0,0)&field=phone:string(0,0)&field=parking:string(0,0)&field=opening_hours:string(0,0)&field=name:string(0,0)&field=designation:string(0,0)&field=building:string(0,0)&field=brand%3Awikidata:string(0,0)&field=brand:string(0,0)&field=addr%3Astreet:string(0,0)&field=addr%3Astate:string(0,0)&field=addr%3Apostcode:string(0,0)&field=addr%3Ahousenumber:string(0,0)&field=addr%3Acity:string(0,0)&uid={9b6a210f-02c6-4379-8d5b-9a40f04860dc}"
569887.105786107,4181690.9388088,w464466004,"464466004",way,grocery,,,,,,,,,,,,,,,,,,,,,,,,,,,,,Island Market,,yes,,,High Street,CA,"94601","2314",Oakland,,,,,,,oak,"Point?crs=EPSG:4326&field=full_id:string(0,0)&field=osm_id:string(0,0)&field=osm_type:string(0,0)&field=shop:string(0,0)&field=start_date:string(0,0)&field=ref:string(0,0)&field=historic%3Aname:string(0,0)&field=historic%3Aalt_name:string(0,0)&field=historic:string(0,0)&field=check_date%3Aopening_hours:string(0,0)&field=building%3Alevels:string(0,0)&field=payment%3Avisa:string(0,0)&field=payment%3Amastercard:string(0,0)&field=check_date:string(0,0)&field=building_2:string(0,0)&field=building_1:string(0,0)&field=short_name:string(0,0)&field=comments:string(0,0)&field=alt_name:string(0,0)&field=addr%3Ahousename:string(0,0)&field=official_name:string(0,0)&field=wheelchair:string(0,0)&field=cuisine:string(0,0)&field=contact%3Awebsite:string(0,0)&field=branch:string(0,0)&field=organic:string(0,0)&field=operator:string(0,0)&field=contact%3Aphone:string(0,0)&field=website:string(0,0)&field=phone:string(0,0)&field=parking:string(0,0)&field=opening_hours:string(0,0)&field=name:string(0,0)&field=designation:string(0,0)&field=building:string(0,0)&field=brand%3Awikidata:string(0,0)&field=brand:string(0,0)&field=addr%3Astreet:string(0,0)&field=addr%3Astate:string(0,0)&field=addr%3Apostcode:string(0,0)&field=addr%3Ahousenumber:string(0,0)&field=addr%3Acity:string(0,0)&uid={9b6a210f-02c6-4379-8d5b-9a40f04860dc}"
567421.982519043,4182196.22985197,w473154239,"473154239",way,supermarket,,,,,,,,,,,,,,,,,,,,,,,,,,,,,El Ranchito Market,,retail,,,23rd Avenue,CA,"94606","1536",Oakland,,,,,,,oak,"Point?crs=EPSG:4326&field=full_id:string(0,0)&field=osm_id:string(0,0)&field=osm_type:string(0,0)&field=shop:string(0,0)&field=start_date:string(0,0)&field=ref:string(0,0)&field=historic%3Aname:string(0,0)&field=historic%3Aalt_name:string(0,0)&field=historic:string(0,0)&field=check_date%3Aopening_hours:string(0,0)&field=building%3Alevels:string(0,0)&field=payment%3Avisa:string(0,0)&field=payment%3Amastercard:string(0,0)&field=check_date:string(0,0)&field=building_2:string(0,0)&field=building_1:string(0,0)&field=short_name:string(0,0)&field=comments:string(0,0)&field=alt_name:string(0,0)&field=addr%3Ahousename:string(0,0)&field=official_name:string(0,0)&field=wheelchair:string(0,0)&field=cuisine:string(0,0)&field=contact%3Awebsite:string(0,0)&field=branch:string(0,0)&field=organic:string(0,0)&field=operator:string(0,0)&field=contact%3Aphone:string(0,0)&field=website:string(0,0)&field=phone:string(0,0)&field=parking:string(0,0)&field=opening_hours:string(0,0)&field=name:string(0,0)&field=designation:string(0,0)&field=building:string(0,0)&field=brand%3Awikidata:string(0,0)&field=brand:string(0,0)&field=addr%3Astreet:string(0,0)&field=addr%3Astate:string(0,0)&field=addr%3Apostcode:string(0,0)&field=addr%3Ahousenumber:string(0,0)&field=addr%3Acity:string(0,0)&uid={9b6a210f-02c6-4379-8d5b-9a40f04860dc}"
565073.088922714,4185326.12613726,w775827045,"775827045",way,supermarket,"1890",oakland,Cox Cadillac Showroom,Piedmont Consolidated Cable Company Powerhouse and Car Barn,building,2024-10-03,"2",,,2024-10-03,,,,,,,,yes,,,Oakland,,,,https://www.wholefoodsmarket.com/stores/oakland,+1 510-834-9800,,Mo-Su 08:00-22:00,Whole Foods Market,,supermarket,Q1809448,Whole Foods Market,Bay Place,CA,"94612","230",Oakland,,,,,,,oak,"Point?crs=EPSG:4326&field=full_id:string(0,0)&field=osm_id:string(0,0)&field=osm_type:string(0,0)&field=shop:string(0,0)&field=start_date:string(0,0)&field=ref:string(0,0)&field=historic%3Aname:string(0,0)&field=historic%3Aalt_name:string(0,0)&field=historic:string(0,0)&field=check_date%3Aopening_hours:string(0,0)&field=building%3Alevels:string(0,0)&field=payment%3Avisa:string(0,0)&field=payment%3Amastercard:string(0,0)&field=check_date:string(0,0)&field=building_2:string(0,0)&field=building_1:string(0,0)&field=short_name:string(0,0)&field=comments:string(0,0)&field=alt_name:string(0,0)&field=addr%3Ahousename:string(0,0)&field=official_name:string(0,0)&field=wheelchair:string(0,0)&field=cuisine:string(0,0)&field=contact%3Awebsite:string(0,0)&field=branch:string(0,0)&field=organic:string(0,0)&field=operator:string(0,0)&field=contact%3Aphone:string(0,0)&field=website:string(0,0)&field=phone:string(0,0)&field=parking:string(0,0)&field=opening_hours:string(0,0)&field=name:string(0,0)&field=designation:string(0,0)&field=building:string(0,0)&field=brand%3Awikidata:string(0,0)&field=brand:string(0,0)&field=addr%3Astreet:string(0,0)&field=addr%3Astate:string(0,0)&field=addr%3Apostcode:string(0,0)&field=addr%3Ahousenumber:string(0,0)&field=addr%3Acity:string(0,0)&uid={9b6a210f-02c6-4379-8d5b-9a40f04860dc}"
565756.524990247,4188940.97082149,n212435197,"212435197",node,supermarket,,"231",,,,2025-07-21,,,,,,,,,,,,,,,Oakland - Rockridge,,,,https://locations.traderjoes.com/ca/oakland/231/,+1 510-923-9428,,Mo-Su 08:00-21:00,Trader Joe's,,,Q688825,Trader Joe's,College Avenue,CA,"94618","5727",Oakland,,,,,,,point_oak,"Point?crs=EPSG:4326&field=full_id:string(0,0)&field=osm_id:string(0,0)&field=osm_type:string(0,0)&field=shop:string(0,0)&field=check_date:string(0,0)&field=outdoor_seating:string(0,0)&field=indoor_seating:string(0,0)&field=diet%3Ahalal:string(0,0)&field=cuisine:string(0,0)&field=amenity:string(0,0)&field=alt_name:string(0,0)&field=entrance:string(0,0)&field=level:string(0,0)&field=addr%3Ahousename:string(0,0)&field=wheelchair:string(0,0)&field=website:string(0,0)&field=ref:string(0,0)&field=phone:string(0,0)&field=opening_hours:string(0,0)&field=name:string(0,0)&field=check_date%3Aopening_hours:string(0,0)&field=brand%3Awikidata:string(0,0)&field=brand:string(0,0)&field=branch:string(0,0)&field=addr%3Astreet:string(0,0)&field=addr%3Astate:string(0,0)&field=addr%3Apostcode:string(0,0)&field=addr%3Ahousenumber:string(0,0)&field=addr%3Acity:string(0,0)&uid={000eda58-e587-45fa-8a40-d89aa785a203}"
566513.184059715,4184993.35509788,n363915431,"363915431",node,supermarket,,"203",,,,,,,,,,,,,,,,,,,Oakland - Lakeshore,,,,https://locations.traderjoes.com/ca/oakland/203/,+1 510-238-9076,,Mo-Su 08:00-21:00,Trader Joe's,,,Q688825,Trader Joe's,Lakeshore Avenue,CA,"94610","3250",Oakland,,,,,,,point_oak,"Point?crs=EPSG:4326&field=full_id:string(0,0)&field=osm_id:string(0,0)&field=osm_type:string(0,0)&field=shop:string(0,0)&field=check_date:string(0,0)&field=outdoor_seating:string(0,0)&field=indoor_seating:string(0,0)&field=diet%3Ahalal:string(0,0)&field=cuisine:string(0,0)&field=amenity:string(0,0)&field=alt_name:string(0,0)&field=entrance:string(0,0)&field=level:string(0,0)&field=addr%3Ahousename:string(0,0)&field=wheelchair:string(0,0)&field=website:string(0,0)&field=ref:string(0,0)&field=phone:string(0,0)&field=opening_hours:string(0,0)&field=name:string(0,0)&field=check_date%3Aopening_hours:string(0,0)&field=brand%3Awikidata:string(0,0)&field=brand:string(0,0)&field=branch:string(0,0)&field=addr%3Astreet:string(0,0)&field=addr%3Astate:string(0,0)&field=addr%3Apostcode:string(0,0)&field=addr%3Ahousenumber:string(0,0)&field=addr%3Acity:string(0,0)&uid={000eda58-e587-45fa-8a40-d89aa785a203}"
564704.408991074,4184181.29973895,n410243509,"410243509",node,grocery,,,,,,,,,,,,,,,,,,yes,,,,,,,,,,,Nature's Best Food,,,,,,,,,,,,,,,,point_oak,"Point?crs=EPSG:4326&field=full_id:string(0,0)&field=osm_id:string(0,0)&field=osm_type:string(0,0)&field=shop:string(0,0)&field=check_date:string(0,0)&field=outdoor_seating:string(0,0)&field=indoor_seating:string(0,0)&field=diet%3Ahalal:string(0,0)&field=cuisine:string(0,0)&field=amenity:string(0,0)&field=alt_name:string(0,0)&field=entrance:string(0,0)&field=level:string(0,0)&field=addr%3Ahousename:string(0,0)&field=wheelchair:string(0,0)&field=website:string(0,0)&field=ref:string(0,0)&field=phone:string(0,0)&field=opening_hours:string(0,0)&field=name:string(0,0)&field=check_date%3Aopening_hours:string(0,0)&field=brand%3Awikidata:string(0,0)&field=brand:string(0,0)&field=branch:string(0,0)&field=addr%3Astreet:string(0,0)&field=addr%3Astate:string(0,0)&field=addr%3Apostcode:string(0,0)&field=addr%3Ahousenumber:string(0,0)&field=addr%3Acity:string(0,0)&uid={000eda58-e587-45fa-8a40-d89aa785a203}"
563063.287243621,4188563.39345788,n1305397495,"1305397495",node,supermarket,,,,,,,,,,,,,,,,,,,,,,,,,,,,,Gateway Grocery,,,,,,,,,,,,,,,,point_oak,"Point?crs=EPSG:4326&field=full_id:string(0,0)&field=osm_id:string(0,0)&field=osm_type:string(0,0)&field=shop:string(0,0)&field=check_date:string(0,0)&field=outdoor_seating:string(0,0)&field=indoor_seating:string(0,0)&field=diet%3Ahalal:string(0,0)&field=cuisine:string(0,0)&field=amenity:string(0,0)&field=alt_name:string(0,0)&field=entrance:string(0,0)&field=level:string(0,0)&field=addr%3Ahousename:string(0,0)&field=wheelchair:string(0,0)&field=website:string(0,0)&field=ref:string(0,0)&field=phone:string(0,0)&field=opening_hours:string(0,0)&field=name:string(0,0)&field=check_date%3Aopening_hours:string(0,0)&field=brand%3Awikidata:string(0,0)&field=brand:string(0,0)&field=branch:string(0,0)&field=addr%3Astreet:string(0,0)&field=addr%3Astate:string(0,0)&field=addr%3Apostcode:string(0,0)&field=addr%3Ahousenumber:string(0,0)&field=addr%3Acity:string(0,0)&uid={000eda58-e587-45fa-8a40-d89aa785a203}"
566553.375724653,4185113.4595183,n1378041461,"1378041461",node,supermarket,,,,,,,,,,,,,,,,,,,,,,,,,https://lakeshorenatural.com/,+1-510-452-1079,,"Mo-Sa 10:00-18:00; Su 12:00-17:00",Lakeshore Natural Foods,,,,,,,,,,,,,,,,point_oak,"Point?crs=EPSG:4326&field=full_id:string(0,0)&field=osm_id:string(0,0)&field=osm_type:string(0,0)&field=shop:string(0,0)&field=check_date:string(0,0)&field=outdoor_seating:string(0,0)&field=indoor_seating:string(0,0)&field=diet%3Ahalal:string(0,0)&field=cuisine:string(0,0)&field=amenity:string(0,0)&field=alt_name:string(0,0)&field=entrance:string(0,0)&field=level:string(0,0)&field=addr%3Ahousename:string(0,0)&field=wheelchair:string(0,0)&field=website:string(0,0)&field=ref:string(0,0)&field=phone:string(0,0)&field=opening_hours:string(0,0)&field=name:string(0,0)&field=check_date%3Aopening_hours:string(0,0)&field=brand%3Awikidata:string(0,0)&field=brand:string(0,0)&field=branch:string(0,0)&field=addr%3Astreet:string(0,0)&field=addr%3Astate:string(0,0)&field=addr%3Apostcode:string(0,0)&field=addr%3Ahousenumber:string(0,0)&field=addr%3Acity:string(0,0)&uid={000eda58-e587-45fa-8a40-d89aa785a203}"
570664.627343156,4185170.2297816,n1707556416,"1707556416",node,supermarket,,,,,,,,,,,,,,,,,,,,,,,,,,,,,Woodminster Market,,,,,Woodminster Lane,,,"5000",,,,,,,,point_oak,"Point?crs=EPSG:4326&field=full_id:string(0,0)&field=osm_id:string(0,0)&field=osm_type:string(0,0)&field=shop:string(0,0)&field=check_date:string(0,0)&field=outdoor_seating:string(0,0)&field=indoor_seating:string(0,0)&field=diet%3Ahalal:string(0,0)&field=cuisine:string(0,0)&field=amenity:string(0,0)&field=alt_name:string(0,0)&field=entrance:string(0,0)&field=level:string(0,0)&field=addr%3Ahousename:string(0,0)&field=wheelchair:string(0,0)&field=website:string(0,0)&field=ref:string(0,0)&field=phone:string(0,0)&field=opening_hours:string(0,0)&field=name:string(0,0)&field=check_date%3Aopening_hours:string(0,0)&field=brand%3Awikidata:string(0,0)&field=brand:string(0,0)&field=branch:string(0,0)&field=addr%3Astreet:string(0,0)&field=addr%3Astate:string(0,0)&field=addr%3Apostcode:string(0,0)&field=addr%3Ahousenumber:string(0,0)&field=addr%3Acity:string(0,0)&uid={000eda58-e587-45fa-8a40-d89aa785a203}"
564583.318660511,4183785.45093118,n2412716300,"2412716300",node,supermarket,,,,,,,,,,,,,,,,hk outlets,,,,,,,,,,,,,hk outlets,,,,,10th Street,,"94607","178",,,,,,,,point_oak,"Point?crs=EPSG:4326&field=full_id:string(0,0)&field=osm_id:string(0,0)&field=osm_type:string(0,0)&field=shop:string(0,0)&field=check_date:string(0,0)&field=outdoor_seating:string(0,0)&field=indoor_seating:string(0,0)&field=diet%3Ahalal:string(0,0)&field=cuisine:string(0,0)&field=amenity:string(0,0)&field=alt_name:string(0,0)&field=entrance:string(0,0)&field=level:string(0,0)&field=addr%3Ahousename:string(0,0)&field=wheelchair:string(0,0)&field=website:string(0,0)&field=ref:string(0,0)&field=phone:string(0,0)&field=opening_hours:string(0,0)&field=name:string(0,0)&field=check_date%3Aopening_hours:string(0,0)&field=brand%3Awikidata:string(0,0)&field=brand:string(0,0)&field=branch:string(0,0)&field=addr%3Astreet:string(0,0)&field=addr%3Astate:string(0,0)&field=addr%3Apostcode:string(0,0)&field=addr%3Ahousenumber:string(0,0)&field=addr%3Acity:string(0,0)&uid={000eda58-e587-45fa-8a40-d89aa785a203}"
564456.284234018,4183814.23593827,n2416941915,"2416941915",node,supermarket,,,,,,,,,,,,,,,,,,,,,,,,,,,,,Hometown Grocery,,,,,10th Street,,,"241",,,,,,,,point_oak,"Point?crs=EPSG:4326&field=full_id:string(0,0)&field=osm_id:string(0,0)&field=osm_type:string(0,0)&field=shop:string(0,0)&field=check_date:string(0,0)&field=outdoor_seating:string(0,0)&field=indoor_seating:string(0,0)&field=diet%3Ahalal:string(0,0)&field=cuisine:string(0,0)&field=amenity:string(0,0)&field=alt_name:string(0,0)&field=entrance:string(0,0)&field=level:string(0,0)&field=addr%3Ahousename:string(0,0)&field=wheelchair:string(0,0)&field=website:string(0,0)&field=ref:string(0,0)&field=phone:string(0,0)&field=opening_hours:string(0,0)&field=name:string(0,0)&field=check_date%3Aopening_hours:string(0,0)&field=brand%3Awikidata:string(0,0)&field=brand:string(0,0)&field=branch:string(0,0)&field=addr%3Astreet:string(0,0)&field=addr%3Astate:string(0,0)&field=addr%3Apostcode:string(0,0)&field=addr%3Ahousenumber:string(0,0)&field=addr%3Acity:string(0,0)&uid={000eda58-e587-45fa-8a40-d89aa785a203}"
564264.268890418,4183908.09096986,n2416945139,"2416945139",node,supermarket,,,,,,,,,,,,,,,,,,,,,,,,,,,,,LG Supermarket,,,,,10th Street,,,"325",,,,,,,,point_oak,"Point?crs=EPSG:4326&field=full_id:string(0,0)&field=osm_id:string(0,0)&field=osm_type:string(0,0)&field=shop:string(0,0)&field=check_date:string(0,0)&field=outdoor_seating:string(0,0)&field=indoor_seating:string(0,0)&field=diet%3Ahalal:string(0,0)&field=cuisine:string(0,0)&field=amenity:string(0,0)&field=alt_name:string(0,0)&field=entrance:string(0,0)&field=level:string(0,0)&field=addr%3Ahousename:string(0,0)&field=wheelchair:string(0,0)&field=website:string(0,0)&field=ref:string(0,0)&field=phone:string(0,0)&field=opening_hours:string(0,0)&field=name:string(0,0)&field=check_date%3Aopening_hours:string(0,0)&field=brand%3Awikidata:string(0,0)&field=brand:string(0,0)&field=branch:string(0,0)&field=addr%3Astreet:string(0,0)&field=addr%3Astate:string(0,0)&field=addr%3Apostcode:string(0,0)&field=addr%3Ahousenumber:string(0,0)&field=addr%3Acity:string(0,0)&uid={000eda58-e587-45fa-8a40-d89aa785a203}"
565803.228748558,4189503.45035719,n2487652502,"2487652502",node,supermarket,,,,,,,,,,,,,,,,,,yes,,,,,,,https://local.safeway.com/safeway/ca/oakland/6310-college-ave.html,+1 510-985-0012,,Mo-Su 05:00-00:00,Safeway,,,Q1508234,Safeway,College Avenue,CA,"94618","6310",Oakland,,,,,,"0",point_oak,"Point?crs=EPSG:4326&field=full_id:string(0,0)&field=osm_id:string(0,0)&field=osm_type:string(0,0)&field=shop:string(0,0)&field=check_date:string(0,0)&field=outdoor_seating:string(0,0)&field=indoor_seating:string(0,0)&field=diet%3Ahalal:string(0,0)&field=cuisine:string(0,0)&field=amenity:string(0,0)&field=alt_name:string(0,0)&field=entrance:string(0,0)&field=level:string(0,0)&field=addr%3Ahousename:string(0,0)&field=wheelchair:string(0,0)&field=website:string(0,0)&field=ref:string(0,0)&field=phone:string(0,0)&field=opening_hours:string(0,0)&field=name:string(0,0)&field=check_date%3Aopening_hours:string(0,0)&field=brand%3Awikidata:string(0,0)&field=brand:string(0,0)&field=branch:string(0,0)&field=addr%3Astreet:string(0,0)&field=addr%3Astate:string(0,0)&field=addr%3Apostcode:string(0,0)&field=addr%3Ahousenumber:string(0,0)&field=addr%3Acity:string(0,0)&uid={000eda58-e587-45fa-8a40-d89aa785a203}"
569001.873764505,4183857.17468941,n2836883670,"2836883670",node,,,,,,,,,,,,,,,,,,,,,,,,,,,,,,,,,,,,,,,,,,,,main,,point_oak,"Point?crs=EPSG:4326&field=full_id:string(0,0)&field=osm_id:string(0,0)&field=osm_type:string(0,0)&field=shop:string(0,0)&field=check_date:string(0,0)&field=outdoor_seating:string(0,0)&field=indoor_seating:string(0,0)&field=diet%3Ahalal:string(0,0)&field=cuisine:string(0,0)&field=amenity:string(0,0)&field=alt_name:string(0,0)&field=entrance:string(0,0)&field=level:string(0,0)&field=addr%3Ahousename:string(0,0)&field=wheelchair:string(0,0)&field=website:string(0,0)&field=ref:string(0,0)&field=phone:string(0,0)&field=opening_hours:string(0,0)&field=name:string(0,0)&field=check_date%3Aopening_hours:string(0,0)&field=brand%3Awikidata:string(0,0)&field=brand:string(0,0)&field=branch:string(0,0)&field=addr%3Astreet:string(0,0)&field=addr%3Astate:string(0,0)&field=addr%3Apostcode:string(0,0)&field=addr%3Ahousenumber:string(0,0)&field=addr%3Acity:string(0,0)&uid={000eda58-e587-45fa-8a40-d89aa785a203}"
565697.120786955,4186709.83202208,n2838479530,"2838479530",node,supermarket,,,,,,,,,,,,,,,,,,,,,,,,,,,,Mo-Su 08:30-19:30,Monte Vista Food Center,,,,,Piedmont Avenue,,"94611","4000",Oakland,,,,,,,point_oak,"Point?crs=EPSG:4326&field=full_id:string(0,0)&field=osm_id:string(0,0)&field=osm_type:string(0,0)&field=shop:string(0,0)&field=check_date:string(0,0)&field=outdoor_seating:string(0,0)&field=indoor_seating:string(0,0)&field=diet%3Ahalal:string(0,0)&field=cuisine:string(0,0)&field=amenity:string(0,0)&field=alt_name:string(0,0)&field=entrance:string(0,0)&field=level:string(0,0)&field=addr%3Ahousename:string(0,0)&field=wheelchair:string(0,0)&field=website:string(0,0)&field=ref:string(0,0)&field=phone:string(0,0)&field=opening_hours:string(0,0)&field=name:string(0,0)&field=check_date%3Aopening_hours:string(0,0)&field=brand%3Awikidata:string(0,0)&field=brand:string(0,0)&field=branch:string(0,0)&field=addr%3Astreet:string(0,0)&field=addr%3Astate:string(0,0)&field=addr%3Apostcode:string(0,0)&field=addr%3Ahousenumber:string(0,0)&field=addr%3Acity:string(0,0)&uid={000eda58-e587-45fa-8a40-d89aa785a203}"
564515.412902326,4183185.37146752,n3565153877,"3565153877",node,supermarket,,,,,,,,,,,,,,,,,,,,,,,,,,,,,Cash & Carry,,,,,Oak Street,CA,"94607","400",Oakland,,,,,,,point_oak,"Point?crs=EPSG:4326&field=full_id:string(0,0)&field=osm_id:string(0,0)&field=osm_type:string(0,0)&field=shop:string(0,0)&field=check_date:string(0,0)&field=outdoor_seating:string(0,0)&field=indoor_seating:string(0,0)&field=diet%3Ahalal:string(0,0)&field=cuisine:string(0,0)&field=amenity:string(0,0)&field=alt_name:string(0,0)&field=entrance:string(0,0)&field=level:string(0,0)&field=addr%3Ahousename:string(0,0)&field=wheelchair:string(0,0)&field=website:string(0,0)&field=ref:string(0,0)&field=phone:string(0,0)&field=opening_hours:string(0,0)&field=name:string(0,0)&field=check_date%3Aopening_hours:string(0,0)&field=brand%3Awikidata:string(0,0)&field=brand:string(0,0)&field=branch:string(0,0)&field=addr%3Astreet:string(0,0)&field=addr%3Astate:string(0,0)&field=addr%3Apostcode:string(0,0)&field=addr%3Ahousenumber:string(0,0)&field=addr%3Acity:string(0,0)&uid={000eda58-e587-45fa-8a40-d89aa785a203}"
572444.773410439,4180363.84455575,n3799894173,"3799894173",node,supermarket,,,,,,,,,,,,,,,,,,,,,,,,,,,,,Gazzail's Supermarket,,,,,,,,,,,,,,,,point_oak,"Point?crs=EPSG:4326&field=full_id:string(0,0)&field=osm_id:string(0,0)&field=osm_type:string(0,0)&field=shop:string(0,0)&field=check_date:string(0,0)&field=outdoor_seating:string(0,0)&field=indoor_seating:string(0,0)&field=diet%3Ahalal:string(0,0)&field=cuisine:string(0,0)&field=amenity:string(0,0)&field=alt_name:string(0,0)&field=entrance:string(0,0)&field=level:string(0,0)&field=addr%3Ahousename:string(0,0)&field=wheelchair:string(0,0)&field=website:string(0,0)&field=ref:string(0,0)&field=phone:string(0,0)&field=opening_hours:string(0,0)&field=name:string(0,0)&field=check_date%3Aopening_hours:string(0,0)&field=brand%3Awikidata:string(0,0)&field=brand:string(0,0)&field=branch:string(0,0)&field=addr%3Astreet:string(0,0)&field=addr%3Astate:string(0,0)&field=addr%3Apostcode:string(0,0)&field=addr%3Ahousenumber:string(0,0)&field=addr%3Acity:string(0,0)&uid={000eda58-e587-45fa-8a40-d89aa785a203}"
573700.947850633,4176970.2788479,n3934277166,"3934277166",node,supermarket,,,,,,,,,,,,,,,,,,,,,,,,,,,,,FoodMaxx,,,Q61894844,FoodMaxx,,,,,,,,,,,,point_oak,"Point?crs=EPSG:4326&field=full_id:string(0,0)&field=osm_id:string(0,0)&field=osm_type:string(0,0)&field=shop:string(0,0)&field=check_date:string(0,0)&field=outdoor_seating:string(0,0)&field=indoor_seating:string(0,0)&field=diet%3Ahalal:string(0,0)&field=cuisine:string(0,0)&field=amenity:string(0,0)&field=alt_name:string(0,0)&field=entrance:string(0,0)&field=level:string(0,0)&field=addr%3Ahousename:string(0,0)&field=wheelchair:string(0,0)&field=website:string(0,0)&field=ref:string(0,0)&field=phone:string(0,0)&field=opening_hours:string(0,0)&field=name:string(0,0)&field=check_date%3Aopening_hours:string(0,0)&field=brand%3Awikidata:string(0,0)&field=brand:string(0,0)&field=branch:string(0,0)&field=addr%3Astreet:string(0,0)&field=addr%3Astate:string(0,0)&field=addr%3Apostcode:string(0,0)&field=addr%3Ahousenumber:string(0,0)&field=addr%3Acity:string(0,0)&uid={000eda58-e587-45fa-8a40-d89aa785a203}"
564126.489597495,4183880.14231194,n3992953178,"3992953178",node,supermarket,,,,,,,,,,,,,,,Tan Duc Supermarket,,,,,,,,,,,,,,New Dic's Supermarket,,,,,,,,,,,,,,,,point_oak,"Point?crs=EPSG:4326&field=full_id:string(0,0)&field=osm_id:string(0,0)&field=osm_type:string(0,0)&field=shop:string(0,0)&field=check_date:string(0,0)&field=outdoor_seating:string(0,0)&field=indoor_seating:string(0,0)&field=diet%3Ahalal:string(0,0)&field=cuisine:string(0,0)&field=amenity:string(0,0)&field=alt_name:string(0,0)&field=entrance:string(0,0)&field=level:string(0,0)&field=addr%3Ahousename:string(0,0)&field=wheelchair:string(0,0)&field=website:string(0,0)&field=ref:string(0,0)&field=phone:string(0,0)&field=opening_hours:string(0,0)&field=name:string(0,0)&field=check_date%3Aopening_hours:string(0,0)&field=brand%3Awikidata:string(0,0)&field=brand:string(0,0)&field=branch:string(0,0)&field=addr%3Astreet:string(0,0)&field=addr%3Astate:string(0,0)&field=addr%3Apostcode:string(0,0)&field=addr%3Ahousenumber:string(0,0)&field=addr%3Acity:string(0,0)&uid={000eda58-e587-45fa-8a40-d89aa785a203}"
564399.31844982,4183629.95584046,n3992986699,"3992986699",node,supermarket,,,,,,,,,,,,,,,,,,,,,,,,,,,,,Won Kee Supermarket,,,,,,,,,,,,,,,,point_oak,"Point?crs=EPSG:4326&field=full_id:string(0,0)&field=osm_id:string(0,0)&field=osm_type:string(0,0)&field=shop:string(0,0)&field=check_date:string(0,0)&field=outdoor_seating:string(0,0)&field=indoor_seating:string(0,0)&field=diet%3Ahalal:string(0,0)&field=cuisine:string(0,0)&field=amenity:string(0,0)&field=alt_name:string(0,0)&field=entrance:string(0,0)&field=level:string(0,0)&field=addr%3Ahousename:string(0,0)&field=wheelchair:string(0,0)&field=website:string(0,0)&field=ref:string(0,0)&field=phone:string(0,0)&field=opening_hours:string(0,0)&field=name:string(0,0)&field=check_date%3Aopening_hours:string(0,0)&field=brand%3Awikidata:string(0,0)&field=brand:string(0,0)&field=branch:string(0,0)&field=addr%3Astreet:string(0,0)&field=addr%3Astate:string(0,0)&field=addr%3Apostcode:string(0,0)&field=addr%3Ahousenumber:string(0,0)&field=addr%3Acity:string(0,0)&uid={000eda58-e587-45fa-8a40-d89aa785a203}"
567875.80679164,4181639.30958126,n4134761495,"4134761495",node,supermarket,,,,,,,,,,,,,,,,,,,,,,,,,,,,,Supermercado Mi Pueblo,,,,,,,,,,,,,,,,point_oak,"Point?crs=EPSG:4326&field=full_id:string(0,0)&field=osm_id:string(0,0)&field=osm_type:string(0,0)&field=shop:string(0,0)&field=check_date:string(0,0)&field=outdoor_seating:string(0,0)&field=indoor_seating:string(0,0)&field=diet%3Ahalal:string(0,0)&field=cuisine:string(0,0)&field=amenity:string(0,0)&field=alt_name:string(0,0)&field=entrance:string(0,0)&field=level:string(0,0)&field=addr%3Ahousename:string(0,0)&field=wheelchair:string(0,0)&field=website:string(0,0)&field=ref:string(0,0)&field=phone:string(0,0)&field=opening_hours:string(0,0)&field=name:string(0,0)&field=check_date%3Aopening_hours:string(0,0)&field=brand%3Awikidata:string(0,0)&field=brand:string(0,0)&field=branch:string(0,0)&field=addr%3Astreet:string(0,0)&field=addr%3Astate:string(0,0)&field=addr%3Apostcode:string(0,0)&field=addr%3Ahousenumber:string(0,0)&field=addr%3Acity:string(0,0)&uid={000eda58-e587-45fa-8a40-d89aa785a203}"
568243.200716923,4181561.4019302,n4220797224,"4220797224",node,supermarket,,,,,,,,,,,,,,,,,,,,,,,,,,,,,El Charro Supermarket,,,,,,,,,,,,,,,,point_oak,"Point?crs=EPSG:4326&field=full_id:string(0,0)&field=osm_id:string(0,0)&field=osm_type:string(0,0)&field=shop:string(0,0)&field=check_date:string(0,0)&field=outdoor_seating:string(0,0)&field=indoor_seating:string(0,0)&field=diet%3Ahalal:string(0,0)&field=cuisine:string(0,0)&field=amenity:string(0,0)&field=alt_name:string(0,0)&field=entrance:string(0,0)&field=level:string(0,0)&field=addr%3Ahousename:string(0,0)&field=wheelchair:string(0,0)&field=website:string(0,0)&field=ref:string(0,0)&field=phone:string(0,0)&field=opening_hours:string(0,0)&field=name:string(0,0)&field=check_date%3Aopening_hours:string(0,0)&field=brand%3Awikidata:string(0,0)&field=brand:string(0,0)&field=branch:string(0,0)&field=addr%3Astreet:string(0,0)&field=addr%3Astate:string(0,0)&field=addr%3Apostcode:string(0,0)&field=addr%3Ahousenumber:string(0,0)&field=addr%3Acity:string(0,0)&uid={000eda58-e587-45fa-8a40-d89aa785a203}"
566103.058238177,4187744.44432125,n4611235501,"4611235501",node,supermarket,,,,,,,,,,,,,,,,,,yes,,,,,,,https://local.safeway.com/safeway/ca/oakland/5100-broadway.html,+1 510-285-0782,,Mo-Su 05:00-02:00,Safeway,,,Q1508234,Safeway,Broadway,CA,"94611","5100",Oakland,,,,,,,point_oak,"Point?crs=EPSG:4326&field=full_id:string(0,0)&field=osm_id:string(0,0)&field=osm_type:string(0,0)&field=shop:string(0,0)&field=check_date:string(0,0)&field=outdoor_seating:string(0,0)&field=indoor_seating:string(0,0)&field=diet%3Ahalal:string(0,0)&field=cuisine:string(0,0)&field=amenity:string(0,0)&field=alt_name:string(0,0)&field=entrance:string(0,0)&field=level:string(0,0)&field=addr%3Ahousename:string(0,0)&field=wheelchair:string(0,0)&field=website:string(0,0)&field=ref:string(0,0)&field=phone:string(0,0)&field=opening_hours:string(0,0)&field=name:string(0,0)&field=check_date%3Aopening_hours:string(0,0)&field=brand%3Awikidata:string(0,0)&field=brand:string(0,0)&field=branch:string(0,0)&field=addr%3Astreet:string(0,0)&field=addr%3Astate:string(0,0)&field=addr%3Apostcode:string(0,0)&field=addr%3Ahousenumber:string(0,0)&field=addr%3Acity:string(0,0)&uid={000eda58-e587-45fa-8a40-d89aa785a203}"
563866.905540099,4188423.50204356,n6313658719,"6313658719",node,grocery,,,,,,,,,,,,,,,,,,,"pakistani;indian",,,,,,,,,,Al Maida Hot Food and Market,,,,,Market Street,CA,,"5650",Oakland,yes,yes,yes,restaurant,,,point_oak,"Point?crs=EPSG:4326&field=full_id:string(0,0)&field=osm_id:string(0,0)&field=osm_type:string(0,0)&field=shop:string(0,0)&field=check_date:string(0,0)&field=outdoor_seating:string(0,0)&field=indoor_seating:string(0,0)&field=diet%3Ahalal:string(0,0)&field=cuisine:string(0,0)&field=amenity:string(0,0)&field=alt_name:string(0,0)&field=entrance:string(0,0)&field=level:string(0,0)&field=addr%3Ahousename:string(0,0)&field=wheelchair:string(0,0)&field=website:string(0,0)&field=ref:string(0,0)&field=phone:string(0,0)&field=opening_hours:string(0,0)&field=name:string(0,0)&field=check_date%3Aopening_hours:string(0,0)&field=brand%3Awikidata:string(0,0)&field=brand:string(0,0)&field=branch:string(0,0)&field=addr%3Astreet:string(0,0)&field=addr%3Astate:string(0,0)&field=addr%3Apostcode:string(0,0)&field=addr%3Ahousenumber:string(0,0)&field=addr%3Acity:string(0,0)&uid={000eda58-e587-45fa-8a40-d89aa785a203}"
565073.980129104,4185386.66286586,n6597795938,"6597795938",node,,,,,,,,,,,,,,,,,,,,,,,,,,,,,,,,,,,,,,,,,,,loading_dock,,,point_oak,"Point?crs=EPSG:4326&field=full_id:string(0,0)&field=osm_id:string(0,0)&field=osm_type:string(0,0)&field=shop:string(0,0)&field=check_date:string(0,0)&field=outdoor_seating:string(0,0)&field=indoor_seating:string(0,0)&field=diet%3Ahalal:string(0,0)&field=cuisine:string(0,0)&field=amenity:string(0,0)&field=alt_name:string(0,0)&field=entrance:string(0,0)&field=level:string(0,0)&field=addr%3Ahousename:string(0,0)&field=wheelchair:string(0,0)&field=website:string(0,0)&field=ref:string(0,0)&field=phone:string(0,0)&field=opening_hours:string(0,0)&field=name:string(0,0)&field=check_date%3Aopening_hours:string(0,0)&field=brand%3Awikidata:string(0,0)&field=brand:string(0,0)&field=branch:string(0,0)&field=addr%3Astreet:string(0,0)&field=addr%3Astate:string(0,0)&field=addr%3Apostcode:string(0,0)&field=addr%3Ahousenumber:string(0,0)&field=addr%3Acity:string(0,0)&uid={000eda58-e587-45fa-8a40-d89aa785a203}"
564958.050433497,4186064.10946445,n8895540892,"8895540892",node,,,,,,,,,,,,,,,,,,,,,,,,,,,,,,,,,,,,,,,,,,,parking_entrance,,,point_oak,"Point?crs=EPSG:4326&field=full_id:string(0,0)&field=osm_id:string(0,0)&field=osm_type:string(0,0)&field=shop:string(0,0)&field=check_date:string(0,0)&field=outdoor_seating:string(0,0)&field=indoor_seating:string(0,0)&field=diet%3Ahalal:string(0,0)&field=cuisine:string(0,0)&field=amenity:string(0,0)&field=alt_name:string(0,0)&field=entrance:string(0,0)&field=level:string(0,0)&field=addr%3Ahousename:string(0,0)&field=wheelchair:string(0,0)&field=website:string(0,0)&field=ref:string(0,0)&field=phone:string(0,0)&field=opening_hours:string(0,0)&field=name:string(0,0)&field=check_date%3Aopening_hours:string(0,0)&field=brand%3Awikidata:string(0,0)&field=brand:string(0,0)&field=branch:string(0,0)&field=addr%3Astreet:string(0,0)&field=addr%3Astate:string(0,0)&field=addr%3Apostcode:string(0,0)&field=addr%3Ahousenumber:string(0,0)&field=addr%3Acity:string(0,0)&uid={000eda58-e587-45fa-8a40-d89aa785a203}"
564886.491971116,4185964.68106628,n8895540902,"8895540902",node,,,,,,,,,,,,,,,,,,,,,,,,,,,,,,,,,,,,,,,,,,,parking_entrance,,,point_oak,"Point?crs=EPSG:4326&field=full_id:string(0,0)&field=osm_id:string(0,0)&field=osm_type:string(0,0)&field=shop:string(0,0)&field=check_date:string(0,0)&field=outdoor_seating:string(0,0)&field=indoor_seating:string(0,0)&field=diet%3Ahalal:string(0,0)&field=cuisine:string(0,0)&field=amenity:string(0,0)&field=alt_name:string(0,0)&field=entrance:string(0,0)&field=level:string(0,0)&field=addr%3Ahousename:string(0,0)&field=wheelchair:string(0,0)&field=website:string(0,0)&field=ref:string(0,0)&field=phone:string(0,0)&field=opening_hours:string(0,0)&field=name:string(0,0)&field=check_date%3Aopening_hours:string(0,0)&field=brand%3Awikidata:string(0,0)&field=brand:string(0,0)&field=branch:string(0,0)&field=addr%3Astreet:string(0,0)&field=addr%3Astate:string(0,0)&field=addr%3Apostcode:string(0,0)&field=addr%3Ahousenumber:string(0,0)&field=addr%3Acity:string(0,0)&uid={000eda58-e587-45fa-8a40-d89aa785a203}"
564935.47914874,4188031.06231526,n9344941253,"9344941253",node,supermarket,,temescal,,,,2026-01-19,,,,2026-01-19,,,,,,,,yes,,,Temescal,,,,https://www.wholefoodsmarket.com/stores/temescal,+1 510-903-2222,,Mo-Su 08:00-21:00,Whole Foods Market,,,Q1809448,Whole Foods Market,Telegraph Avenue,CA,"94609","5101;5179;5199",Oakland,,,,,,,point_oak,"Point?crs=EPSG:4326&field=full_id:string(0,0)&field=osm_id:string(0,0)&field=osm_type:string(0,0)&field=shop:string(0,0)&field=check_date:string(0,0)&field=outdoor_seating:string(0,0)&field=indoor_seating:string(0,0)&field=diet%3Ahalal:string(0,0)&field=cuisine:string(0,0)&field=amenity:string(0,0)&field=alt_name:string(0,0)&field=entrance:string(0,0)&field=level:string(0,0)&field=addr%3Ahousename:string(0,0)&field=wheelchair:string(0,0)&field=website:string(0,0)&field=ref:string(0,0)&field=phone:string(0,0)&field=opening_hours:string(0,0)&field=name:string(0,0)&field=check_date%3Aopening_hours:string(0,0)&field=brand%3Awikidata:string(0,0)&field=brand:string(0,0)&field=branch:string(0,0)&field=addr%3Astreet:string(0,0)&field=addr%3Astate:string(0,0)&field=addr%3Apostcode:string(0,0)&field=addr%3Ahousenumber:string(0,0)&field=addr%3Acity:string(0,0)&uid={000eda58-e587-45fa-8a40-d89aa785a203}"
570043.187417077,4180303.55373239,n11002148879,"11002148879",node,grocery,,,,,,,,,,,,,,,,,,,,,,,,,,,,,Chapala Market,,,,,,,,,,,,,,,,point_oak,"Point?crs=EPSG:4326&field=full_id:string(0,0)&field=osm_id:string(0,0)&field=osm_type:string(0,0)&field=shop:string(0,0)&field=check_date:string(0,0)&field=outdoor_seating:string(0,0)&field=indoor_seating:string(0,0)&field=diet%3Ahalal:string(0,0)&field=cuisine:string(0,0)&field=amenity:string(0,0)&field=alt_name:string(0,0)&field=entrance:string(0,0)&field=level:string(0,0)&field=addr%3Ahousename:string(0,0)&field=wheelchair:string(0,0)&field=website:string(0,0)&field=ref:string(0,0)&field=phone:string(0,0)&field=opening_hours:string(0,0)&field=name:string(0,0)&field=check_date%3Aopening_hours:string(0,0)&field=brand%3Awikidata:string(0,0)&field=brand:string(0,0)&field=branch:string(0,0)&field=addr%3Astreet:string(0,0)&field=addr%3Astate:string(0,0)&field=addr%3Apostcode:string(0,0)&field=addr%3Ahousenumber:string(0,0)&field=addr%3Acity:string(0,0)&uid={000eda58-e587-45fa-8a40-d89aa785a203}"
565032.423272173,4185815.20844204,n11929745224,"11929745224",node,,,,,,,,,,,,,,,,,,,,,,,,,,,,,,,,,,,,,,,,,,,loading_dock,,,point_oak,"Point?crs=EPSG:4326&field=full_id:string(0,0)&field=osm_id:string(0,0)&field=osm_type:string(0,0)&field=shop:string(0,0)&field=check_date:string(0,0)&field=outdoor_seating:string(0,0)&field=indoor_seating:string(0,0)&field=diet%3Ahalal:string(0,0)&field=cuisine:string(0,0)&field=amenity:string(0,0)&field=alt_name:string(0,0)&field=entrance:string(0,0)&field=level:string(0,0)&field=addr%3Ahousename:string(0,0)&field=wheelchair:string(0,0)&field=website:string(0,0)&field=ref:string(0,0)&field=phone:string(0,0)&field=opening_hours:string(0,0)&field=name:string(0,0)&field=check_date%3Aopening_hours:string(0,0)&field=brand%3Awikidata:string(0,0)&field=brand:string(0,0)&field=branch:string(0,0)&field=addr%3Astreet:string(0,0)&field=addr%3Astate:string(0,0)&field=addr%3Apostcode:string(0,0)&field=addr%3Ahousenumber:string(0,0)&field=addr%3Acity:string(0,0)&uid={000eda58-e587-45fa-8a40-d89aa785a203}"
568622.96914382,4182042.29936741,n12146471564,"12146471564",node,grocery,,,,,,,,,,,,,,,,,,,,,,,,,,,,,Mi Ranchito Market & Produce,,,,,,,,,,,,,,,,point_oak,"Point?crs=EPSG:4326&field=full_id:string(0,0)&field=osm_id:string(0,0)&field=osm_type:string(0,0)&field=shop:string(0,0)&field=check_date:string(0,0)&field=outdoor_seating:string(0,0)&field=indoor_seating:string(0,0)&field=diet%3Ahalal:string(0,0)&field=cuisine:string(0,0)&field=amenity:string(0,0)&field=alt_name:string(0,0)&field=entrance:string(0,0)&field=level:string(0,0)&field=addr%3Ahousename:string(0,0)&field=wheelchair:string(0,0)&field=website:string(0,0)&field=ref:string(0,0)&field=phone:string(0,0)&field=opening_hours:string(0,0)&field=name:string(0,0)&field=check_date%3Aopening_hours:string(0,0)&field=brand%3Awikidata:string(0,0)&field=brand:string(0,0)&field=branch:string(0,0)&field=addr%3Astreet:string(0,0)&field=addr%3Astate:string(0,0)&field=addr%3Apostcode:string(0,0)&field=addr%3Ahousenumber:string(0,0)&field=addr%3Acity:string(0,0)&uid={000eda58-e587-45fa-8a40-d89aa785a203}"
568447.100159069,4182087.57118424,n12146471584,"12146471584",node,grocery,,,,,,,,,,,,,,,,,,,,,,,,,,,,,Rancho Market and Produce,,,,,,,,,,,,,,,,point_oak,"Point?crs=EPSG:4326&field=full_id:string(0,0)&field=osm_id:string(0,0)&field=osm_type:string(0,0)&field=shop:string(0,0)&field=check_date:string(0,0)&field=outdoor_seating:string(0,0)&field=indoor_seating:string(0,0)&field=diet%3Ahalal:string(0,0)&field=cuisine:string(0,0)&field=amenity:string(0,0)&field=alt_name:string(0,0)&field=entrance:string(0,0)&field=level:string(0,0)&field=addr%3Ahousename:string(0,0)&field=wheelchair:string(0,0)&field=website:string(0,0)&field=ref:string(0,0)&field=phone:string(0,0)&field=opening_hours:string(0,0)&field=name:string(0,0)&field=check_date%3Aopening_hours:string(0,0)&field=brand%3Awikidata:string(0,0)&field=brand:string(0,0)&field=branch:string(0,0)&field=addr%3Astreet:string(0,0)&field=addr%3Astate:string(0,0)&field=addr%3Apostcode:string(0,0)&field=addr%3Ahousenumber:string(0,0)&field=addr%3Acity:string(0,0)&uid={000eda58-e587-45fa-8a40-d89aa785a203}"
564386.161462513,4185519.11484438,n12152420630,"12152420630",node,grocery,,,,,,,,,,,,,,,,,,,ethiopian,,,,,,,,,,Abyssinia Market,,,,,,,,,,,,,,,,point_oak,"Point?crs=EPSG:4326&field=full_id:string(0,0)&field=osm_id:string(0,0)&field=osm_type:string(0,0)&field=shop:string(0,0)&field=check_date:string(0,0)&field=outdoor_seating:string(0,0)&field=indoor_seating:string(0,0)&field=diet%3Ahalal:string(0,0)&field=cuisine:string(0,0)&field=amenity:string(0,0)&field=alt_name:string(0,0)&field=entrance:string(0,0)&field=level:string(0,0)&field=addr%3Ahousename:string(0,0)&field=wheelchair:string(0,0)&field=website:string(0,0)&field=ref:string(0,0)&field=phone:string(0,0)&field=opening_hours:string(0,0)&field=name:string(0,0)&field=check_date%3Aopening_hours:string(0,0)&field=brand%3Awikidata:string(0,0)&field=brand:string(0,0)&field=branch:string(0,0)&field=addr%3Astreet:string(0,0)&field=addr%3Astate:string(0,0)&field=addr%3Apostcode:string(0,0)&field=addr%3Ahousenumber:string(0,0)&field=addr%3Acity:string(0,0)&uid={000eda58-e587-45fa-8a40-d89aa785a203}"
572006.029201946,4179195.05175124,n12396709784,"12396709784",node,grocery,,,,,,,,,,,,,,,,,,,,,,,,,,,,,Gazzali's Supermarket,,,,,,,,,,,,,,,,point_oak,"Point?crs=EPSG:4326&field=full_id:string(0,0)&field=osm_id:string(0,0)&field=osm_type:string(0,0)&field=shop:string(0,0)&field=check_date:string(0,0)&field=outdoor_seating:string(0,0)&field=indoor_seating:string(0,0)&field=diet%3Ahalal:string(0,0)&field=cuisine:string(0,0)&field=amenity:string(0,0)&field=alt_name:string(0,0)&field=entrance:string(0,0)&field=level:string(0,0)&field=addr%3Ahousename:string(0,0)&field=wheelchair:string(0,0)&field=website:string(0,0)&field=ref:string(0,0)&field=phone:string(0,0)&field=opening_hours:string(0,0)&field=name:string(0,0)&field=check_date%3Aopening_hours:string(0,0)&field=brand%3Awikidata:string(0,0)&field=brand:string(0,0)&field=branch:string(0,0)&field=addr%3Astreet:string(0,0)&field=addr%3Astate:string(0,0)&field=addr%3Apostcode:string(0,0)&field=addr%3Ahousenumber:string(0,0)&field=addr%3Acity:string(0,0)&uid={000eda58-e587-45fa-8a40-d89aa785a203}"
571976.158887081,4176928.92729289,n12398819474,"12398819474",node,supermarket,,,,,,,,,,,,,,,,,,,,,,,,,,,,,Latinos Unidos,,,,,,,,,,,,,,,,point_oak,"Point?crs=EPSG:4326&field=full_id:string(0,0)&field=osm_id:string(0,0)&field=osm_type:string(0,0)&field=shop:string(0,0)&field=check_date:string(0,0)&field=outdoor_seating:string(0,0)&field=indoor_seating:string(0,0)&field=diet%3Ahalal:string(0,0)&field=cuisine:string(0,0)&field=amenity:string(0,0)&field=alt_name:string(0,0)&field=entrance:string(0,0)&field=level:string(0,0)&field=addr%3Ahousename:string(0,0)&field=wheelchair:string(0,0)&field=website:string(0,0)&field=ref:string(0,0)&field=phone:string(0,0)&field=opening_hours:string(0,0)&field=name:string(0,0)&field=check_date%3Aopening_hours:string(0,0)&field=brand%3Awikidata:string(0,0)&field=brand:string(0,0)&field=branch:string(0,0)&field=addr%3Astreet:string(0,0)&field=addr%3Astate:string(0,0)&field=addr%3Apostcode:string(0,0)&field=addr%3Ahousenumber:string(0,0)&field=addr%3Acity:string(0,0)&uid={000eda58-e587-45fa-8a40-d89aa785a203}"
570733.440682389,4179874.29351217,n12401161717,"12401161717",node,grocery,,,,,,,,,,,,,,,,,,,,,,,,,,,,,La Raza Market,,,,,,,,,,,,,,,,point_oak,"Point?crs=EPSG:4326&field=full_id:string(0,0)&field=osm_id:string(0,0)&field=osm_type:string(0,0)&field=shop:string(0,0)&field=check_date:string(0,0)&field=outdoor_seating:string(0,0)&field=indoor_seating:string(0,0)&field=diet%3Ahalal:string(0,0)&field=cuisine:string(0,0)&field=amenity:string(0,0)&field=alt_name:string(0,0)&field=entrance:string(0,0)&field=level:string(0,0)&field=addr%3Ahousename:string(0,0)&field=wheelchair:string(0,0)&field=website:string(0,0)&field=ref:string(0,0)&field=phone:string(0,0)&field=opening_hours:string(0,0)&field=name:string(0,0)&field=check_date%3Aopening_hours:string(0,0)&field=brand%3Awikidata:string(0,0)&field=brand:string(0,0)&field=branch:string(0,0)&field=addr%3Astreet:string(0,0)&field=addr%3Astate:string(0,0)&field=addr%3Apostcode:string(0,0)&field=addr%3Ahousenumber:string(0,0)&field=addr%3Acity:string(0,0)&uid={000eda58-e587-45fa-8a40-d89aa785a203}"
569757.04530985,4180534.21622891,n12409968375,"12409968375",node,grocery,,,,,,,,,,,,,,,,,,,,,,,,,,,,,La Raza Market,,,,,,,,,,,,,,,,point_oak,"Point?crs=EPSG:4326&field=full_id:string(0,0)&field=osm_id:string(0,0)&field=osm_type:string(0,0)&field=shop:string(0,0)&field=check_date:string(0,0)&field=outdoor_seating:string(0,0)&field=indoor_seating:string(0,0)&field=diet%3Ahalal:string(0,0)&field=cuisine:string(0,0)&field=amenity:string(0,0)&field=alt_name:string(0,0)&field=entrance:string(0,0)&field=level:string(0,0)&field=addr%3Ahousename:string(0,0)&field=wheelchair:string(0,0)&field=website:string(0,0)&field=ref:string(0,0)&field=phone:string(0,0)&field=opening_hours:string(0,0)&field=name:string(0,0)&field=check_date%3Aopening_hours:string(0,0)&field=brand%3Awikidata:string(0,0)&field=brand:string(0,0)&field=branch:string(0,0)&field=addr%3Astreet:string(0,0)&field=addr%3Astate:string(0,0)&field=addr%3Apostcode:string(0,0)&field=addr%3Ahousenumber:string(0,0)&field=addr%3Acity:string(0,0)&uid={000eda58-e587-45fa-8a40-d89aa785a203}"
568096.908682337,4182165.42295281,n12413999541,"12413999541",node,grocery,,,,,,,,,,,,,,,,,,,,,,,,,,,,,Mi Carnal Market,,,,,,,,,,,,,,,,point_oak,"Point?crs=EPSG:4326&field=full_id:string(0,0)&field=osm_id:string(0,0)&field=osm_type:string(0,0)&field=shop:string(0,0)&field=check_date:string(0,0)&field=outdoor_seating:string(0,0)&field=indoor_seating:string(0,0)&field=diet%3Ahalal:string(0,0)&field=cuisine:string(0,0)&field=amenity:string(0,0)&field=alt_name:string(0,0)&field=entrance:string(0,0)&field=level:string(0,0)&field=addr%3Ahousename:string(0,0)&field=wheelchair:string(0,0)&field=website:string(0,0)&field=ref:string(0,0)&field=phone:string(0,0)&field=opening_hours:string(0,0)&field=name:string(0,0)&field=check_date%3Aopening_hours:string(0,0)&field=brand%3Awikidata:string(0,0)&field=brand:string(0,0)&field=branch:string(0,0)&field=addr%3Astreet:string(0,0)&field=addr%3Astate:string(0,0)&field=addr%3Apostcode:string(0,0)&field=addr%3Ahousenumber:string(0,0)&field=addr%3Acity:string(0,0)&uid={000eda58-e587-45fa-8a40-d89aa785a203}"
