X,Y,full_id,osm_id,osm_type,shop,contact_ph,name_zh,addr_unit,official_n,contact_fa,sfgov_OBJN,payment_co,organic,level,origin,alt_name,addr_house,atm,payment_de,payment_cr,payment_ca,roof_shape,start_date,roof_colou,internet_a,building_c,layer,operator,wikipedia,wikidata,payment_vi,payment_ma,image,email,cooperativ,roof_level,check_date,smoking,ref,branch,wheelchair,phone,height,designatio,website,type,opening_ho,name,check_da_1,building_l,building,brand_wiki,brand,addr_stree,addr_state,addr_postc,addr_hou_1,addr_count,addr_city,name_zh-Ha,name_zh-_1,name_ko,name_en,alt_name_k,payment_am,entrance,door,automatic_,drink_wine,diet_veget,diet_vegan,diet_halal,descriptio,wikimedia_,payment_ap,cuisine,toilets_wh,old_name,addr_cou_1,visibility,support,faces,display,date,amenity,self_check,opening__1,internet_1,dog,path
546578.541405658,4179777.20253757,r3585039,"3585039",relation,supermarket,,,,,,,,,,,,,,,,,,,,,,,,,,,,,,,,,,,,,,,,https://local.andronicos.com/ca/san-francisco/1200-irving-st.html,multipolygon,"06:00-23:00",Andronico's Community Market,2025-09-24,"1",retail,Q4759491,Andronico's,Irving Street,CA,"94122","1200",US,San Francisco,,,,,,,,,,,,,,,,,,,,,,,,,,,,,,,/Users/admin/Desktop/QGIS/Polygon_markets_sf.shp
551426.123842763,4180195.56558181,w25821952,"25821952",way,supermarket,,,,,,,,,,,,,,,,,,,,,,,,,,,,,,,,,,,,,,,,,,"06:00-01:00",Foods Co,,,retail,Q5465282,Foods Co,Folsom Street,,,"1800",,,,,,,,,,,,,,,,,,,,,,,,,,,,,,,,,/Users/admin/Desktop/QGIS/Polygon_markets_sf.shp
549929.251397528,4184271.07792885,w26135377,"26135377",way,supermarket,,,,,,,,,,,,,,,,,,,,,,,,,,,,,,,,,,,,yes,+1 415-563-4946,"5",Safeway 1711,https://local.safeway.com/safeway/ca/san-francisco/15-marina-blvd.html,,24/7,Safeway,,,yes,Q1508234,Safeway,Marina Boulevard,CA,"94123","15",,San Francisco,,,,,,,,,,,,,,,,,,,,,,,,,,,,,,,/Users/admin/Desktop/QGIS/Polygon_markets_sf.shp
546333.581629284,4177477.36240335,w28941473,"28941473",way,supermarket,,,,,,,,,,,,,,,,,,,,,,,,,,,,,,,,,,"909","0909",,+1 415-665-4136,"5",Safeway 0909,https://local.safeway.com/safeway/ca/san-francisco/730-taraval-st.html,,"06:00-24:00",Safeway,,,yes,Q1508234,Safeway,Taraval Street,CA,"94116","730",,San Francisco,,,,,,,,,,,,,,,,,,,,,,,,,,,,,,,/Users/admin/Desktop/QGIS/Polygon_markets_sf.shp
552048.376072639,4183752.86312182,w32611756,"32611756",way,supermarket,,,,,,,,,,,,,,,,,,,,,,,,,,,,,,,,,no,,,yes,,,,,,,Luke's Local Grocery,2023-05-27,,commercial,,,Green Street,CA,"94133","580",,San Francisco,,,,,,,,,,,,,,,,,,,,,,,,,,,,,,,/Users/admin/Desktop/QGIS/Polygon_markets_sf.shp
548620.674549402,4181924.98956398,w34323155,"34323155",way,supermarket,,,,,,,,,,,,,,,,,,,,,,,,,,,,,,,"0",2022-08-11,,"100",San Francisco,yes,+1 415-346-9964,"7",,https://locations.traderjoes.com/ca/san-francisco/100/,,Mo-Su 08:00-21:00,Trader Joe's,2025-04-26,"1",retail,Q688825,Trader Joe's,Masonic Avenue,CA,"94118","3",,San Francisco,,,,,,,,,,,,,,,,,,,,,,,,,,,,,,,/Users/admin/Desktop/QGIS/Polygon_markets_sf.shp
551213.432257299,4180517.68792737,w42916777,"42916777",way,supermarket,,,,,,,,,,,,,,,,,,,,,,,,,,,,,,,,,,,,,,"5",,,,,Cash & Carry,,,yes,,,,,,,,,,,,,,,,,,,,,,,,,,,,,,,,,,,,,,,/Users/admin/Desktop/QGIS/Polygon_markets_sf.shp
552974.87719004,4176004.84693178,w151183375,"151183375",way,supermarket,,,,,,,,,,,,,,,,,,,,,,,,,,,,,,,,,,,,,+1-415-330-1870,"6",,foodsco.net,,Mo-Su 06:00-00:00,Foods Co,,,yes,Q5465282,Foods Co,Williams Avenue,CA,"94124","345",,San Francisco,,,,,,,,,,,,,,,,,,,,,,,,,,,,,,,/Users/admin/Desktop/QGIS/Polygon_markets_sf.shp
551510.816146993,4180356.42230871,w169204245,"169204245",way,supermarket,,,,,,,,,,,,,,,,,,,,,,,,en:Rainbow Grocery Cooperative,Q7284643,yes,yes,https://upload.wikimedia.org/wikipedia/en/4/46/Rainbow_grocery_logo.png,general@rainbow.coop,yes,,,,,,yes,+1 415-863-0620,,,https://www.rainbow.coop/,,"Mo-Su 09:00-21:00; PH closed; Mar 31 closed; May 01 closed",Rainbow Grocery Coop,2025-12-06,,hall,,,Folsom Street,CA,"94103","1745",US,San Francisco,,,,,,,,,,,,,,,,,,,,,,,,,,,,,,,/Users/admin/Desktop/QGIS/Polygon_markets_sf.shp
547094.937949099,4181794.63850626,w170845442,"170845442",way,supermarket,,,,,,,,,,,,,,,,,,,,,,,,,,,,,,,,,,,,yes,,"8",,,,,Smart & Final,,,yes,Q7543916,Smart & Final,,,,,,,,,,,,,,,,,,,,,,,,,,,,,,,,,,,,,/Users/admin/Desktop/QGIS/Polygon_markets_sf.shp
550132.801070291,4178453.23112163,w194906343,"194906343",way,supermarket,,,,,,,,,,,,,,,,,,,,,,,Whole Foods,,,,,,,,,2024-10-03,,noevalley,Noe Valley,,+1 415-282-4700,,,https://www.wholefoodsmarket.com/stores/noevalley,,Mo-Su 08:00-22:00,Whole Foods Market,2024-10-03,,yes,Q1809448,Whole Foods Market,24th Street,CA,"94114","3950",,San Francisco,,,,,,,,,,,,,,,,,,,,,,,,,,,,,,,/Users/admin/Desktop/QGIS/Polygon_markets_sf.shp
545026.707991892,4178665.22014072,w219058329,"219058329",way,supermarket,,,,,,,,,,,,,,,,,,,,,,"1",,,,,,,,,,,,"985",,yes,+1 415-665-4565,"0",Safeway 0985,https://local.safeway.com/safeway/ca/san-francisco/2350-noriega-st.html,,"06:00-02:00",Safeway,2026-02-15,,yes,Q1508234,Safeway,Noriega Street,CA,"94122","2350",,San Francisco,,,,,,,,,,,,,,,,,,,,,,,,,,,,,,,/Users/admin/Desktop/QGIS/Polygon_markets_sf.shp
543209.109989414,4180690.16882067,w219059013,"219059013",way,supermarket,,,,,,,,,,,,,,,,,,"1971",#dad8d4,wlan,#d9d4cd,,,,,,,,,,,,,"0785",,yes,+1 415-387-4664,"0.01",Safeway 0785,https://local.safeway.com/safeway/ca/san-francisco/850-la-playa-st.html,,Mo-Su 09:00-00:00,Safeway,2025-07-26,"1",retail,Q1508234,Safeway,La Playa Street,CA,"94121","850",,San Francisco,,,,,,,,,,,,,,,,,,,,,,,,,,,,,,,/Users/admin/Desktop/QGIS/Polygon_markets_sf.shp
548460.123596183,4176140.20392591,w219059390,"219059390",way,supermarket,,,,,,,,,,,,,,,,,,,,,,"-1",,,,,,,,,,,,"759","0759",,+1 415-586-2421,,Safeway 0759,https://local.safeway.com/safeway/ca/san-francisco/625-monterey-blvd.html,,"06:00-24:00",Safeway,,,yes,Q1508234,Safeway,Monterey Boulevard,CA,"94127","625",,San Francisco,,,,,,,,,,,,,,,,,,,,,,,,,,,,,,,/Users/admin/Desktop/QGIS/Polygon_markets_sf.shp
549429.59163241,4177512.74242104,w219071301,"219071301",way,supermarket,,,,,,,,,,,,,,,,,,,,,,,,,,,,,,,,,,"0667","0667",yes,+1 415-824-7744,"6",Safeway 0667,https://local.safeway.com/safeway/ca/san-francisco/5290-diamond-heights-blvd.html,,"06:00-02:00",Safeway,,,yes,Q1508234,Safeway,Diamond Heights Boulevard,CA,"94131","5290",,San Francisco,,,,,,,,,,,,,,,,,,,,,,,,,,,,,,,/Users/admin/Desktop/QGIS/Polygon_markets_sf.shp
550351.10541955,4180353.14993401,w219072560,"219072560",way,supermarket,,,,,,,,,,,,,,,,,,,,,,"1",,,,,,,,,,,,"1507",,yes,+1 415-861-7660,"6",,https://local.safeway.com/safeway/ca/san-francisco/2020-market-st.html,,Mo-Su 06:00-21:00,Safeway,2025-12-02,"1",retail,Q1508234,Safeway,Market Street,CA,"94114","2020",,San Francisco,,,,,,,,,,,,,,,,,,,,,,,,,,,,,,,/Users/admin/Desktop/QGIS/Polygon_markets_sf.shp
551396.313531547,4177005.66438445,w225063111,"225063111",way,supermarket,,,,,,,,,,,,,,,,,,,,,,,,,,,,,,,,,,,,yes,,,,,,Mo-Su 07:00-21:30,Good Life Grocery,,,yes,,,Cortland Avenue,,"94110","448",,,,,,,,,,,,,,,,,,,,,,,,,,,,,,,,,/Users/admin/Desktop/QGIS/Polygon_markets_sf.shp
548190.544585243,4180389.0272048,w228246796,"228246796",way,supermarket,,,,,,,,,,,,,,,,,flat,,,,,,,,,,,,,,,2024-10-03,,haightstreet,Haight Street,yes,+1 415-876-6740,"6",,https://www.wholefoodsmarket.com/stores/haightstreet,,Mo-Su 08:00-22:00,Whole Foods Market,2026-01-25,"1",retail,Q1809448,Whole Foods Market,Stanyan Street,CA,"94117","690",,San Francisco,,,,,,,,,,,,,,,,,,,,,,,,,,,,,,,/Users/admin/Desktop/QGIS/Polygon_markets_sf.shp
550881.771058118,4177485.98743165,w231656266,"231656266",way,supermarket,,,,,,,,,,,,,,yes,yes,yes,,,,,,,,,,,,,,,,,,"0739",,yes,+1 415-826-2866,"7",Safeway 0739,https://local.safeway.com/safeway/ca/san-francisco/3350-mission-st.html,,24/7,Safeway,2024-03-08,,yes,Q1508234,Safeway,Mission Street,CA,"94110","3350",,San Francisco,,,,,,,,,,,,,,,,,,,,,,,,,,,,,,,/Users/admin/Desktop/QGIS/Polygon_markets_sf.shp
548130.735814314,4177528.00814754,w256912288,"256912288",way,supermarket,,,,,,,,,,,,,,,,,,,,,,,,,,,,,,,,,,,,,,"6",,,,,Miraloma Market,,,retail,,,Portola Drive,,"94127","755",,San Francisco,,,,,,,,,,,,,,,,,,,,,,,,,,,,,,,/Users/admin/Desktop/QGIS/Polygon_markets_sf.shp
551928.794357738,4178564.39249302,w258157210,"258157210",way,supermarket,,,,,,,,,,,,,,,,,,,,,,,,,,,,,,,,,,,,,,"9",,,,,Lo-cost Meat Market,,,yes,,,24th Street,CA,,"2918",,San Francisco,,,,,,,,,,,,,,,,,,,,,,,,,,,,,,,/Users/admin/Desktop/QGIS/Polygon_markets_sf.shp
547718.543403126,4181061.9240219,w260194579,"260194579",way,supermarket,,,,,,,,,,,,,,,,,,,,,,,,,,,,,,,,,,,,,,"5",,,,"Mo-Sa 07:30-20:00; Su 07:30-19:00; PH closed",Arguello Market,2025-04-27,"1",commercial,,,Arguello Boulevard,CA,"94118","782",,San Francisco,,,,,,,,,,,,,,,,,,,,,,,,,,,,,,,/Users/admin/Desktop/QGIS/Polygon_markets_sf.shp
551946.737848862,4183599.07314133,w260967541,"260967541",way,supermarket,,,,,,,,,,,,,no,,,,,,,,,,,,,,,,,,,,,,,,+1-415-398-3288,"8",,,,,"Chef Bowl, Inc.",,"2",yes,,,Vallejo Street,CA,"94133","775;779",,San Francisco,,,,,,,,,,,,,,,,,,,,,,,,,,,,,,,/Users/admin/Desktop/QGIS/Polygon_markets_sf.shp
549537.970203107,4180978.38755521,w261292750,"261292750",way,supermarket,,,,,,,,,,,,Bi-Rite Market,,,,,,,,,,,,,,,,,,,,,,,,,,"7",,https://biritemarket.com/,,,Bi-Rite Market,2025-09-17,,yes,,,Divisadero Street,,"94117","550",,,,,,,,,,,,,,,,,,,,,,,,,,,,,,,,,/Users/admin/Desktop/QGIS/Polygon_markets_sf.shp
549789.855125345,4182505.54654609,w263224863,"263224863",way,supermarket,,,,,,,,,,,,,,,,,,,,,,,,,,,,,,,,,,,,yes,+1-415-567-4902,"9",,,,,Mollie Stone's,2025-12-09,,yes,,,California Street,CA,,"2435",US,San Francisco,,,,,,,,,,,,,,,,,,,,,,,,,,,,,,,/Users/admin/Desktop/QGIS/Polygon_markets_sf.shp
547002.439562441,4179374.04968853,w264202048,"264202048",way,supermarket,,,,,,,,,,,,,,,,,,,,,,,,,,,,,,,,,,,,,,"7",,,,Mo-Su 08:00-20:00,Roxie’s Market & Deli,,,commercial,,,Kirkham Street,,"94122","500",,San Francisco,,,,,,,,,,,,,,,,,,,,,,,,,,,,,,,/Users/admin/Desktop/QGIS/Polygon_markets_sf.shp
548647.664185566,4180462.79209591,w264371887,"264371887",way,supermarket,,,,,,,,,,,,Haight Street Market,,,,yes,,,,,,,,,,,,,,,,,,,,yes,,"6","Grocery, product, deli, meats and fish",http://www.haightstreetmarket.com,,Mo-Su 07:00-21:30,Haight Street Market,2025-09-10,,yes,,,Haight Street,,"94117","1530",,,,,,,,,,,,,,,,,,,,,,,,,,,,,,,,,/Users/admin/Desktop/QGIS/Polygon_markets_sf.shp
548483.19547951,4179890.17530758,w264645161,"264645161",way,supermarket,,,,,,,,,,,,,,,yes,yes,,,,,,,,,,,,,,,,,,,,yes,,"5",,,,Mo-Su 08:00-21:00,Luke's Local,2025-12-03,,retail,,,Cole Street,CA,"94117","960",US,San Francisco,,,,,,,,,,,,,,,,,,,,,,,,,,,,,,,/Users/admin/Desktop/QGIS/Polygon_markets_sf.shp
548353.771589128,4182264.09904843,w273331515,"273331515",way,supermarket,,,,,,,,,,,,,,,,,,,,,,,,,,,,,,,,,,,,yes,,"7",,,,"Mo-Sa 09:00-18:00; Su off",Bryan's Grocery,2024-08-18,,yes,,,California Street,CA,"94118","3445",,San Francisco,,,,,,,,,,,,,,,,,,,,,,,,,,,,,,,/Users/admin/Desktop/QGIS/Polygon_markets_sf.shp
548252.279153884,4177635.95178421,w276546465,"276546465",way,supermarket,,,,,,,,,,,Tower Market,,,,,,,,,,,,,,,,,,,,,,,,,yes,,"7",,,,"07:00-21:00",Mollie Stone's,,"1",retail,,,Portola Drive,CA,"94127","635",US,San Francisco,,,,,,,,,,,,,,,,,,,,,,,,,,,,,,,/Users/admin/Desktop/QGIS/Polygon_markets_sf.shp
545752.723061588,4179667.00776086,w276623337,"276623337",way,supermarket,,,,,,,,,,,,,,,,,,,,,,,,,,,,,,,,,,,,yes,,"7",,,,"Mo-Sa 07:30-19:00; Su 07:30-18:00",22nd & Irving Market,2025-12-14,"1",retail,,,Irving Street,CA,"94122","2101",US,San Francisco,,,,,,,,,,,,,,,,,,,,,,,,,,,,,,,/Users/admin/Desktop/QGIS/Polygon_markets_sf.shp
545441.051333414,4179646.991562,w276814493,"276814493",way,supermarket,,,,,,,,,,asian,,,,,,,,,,,,,,,,,,,,,,,,,,yes,,"8",,,,,25th Irving Market,2025-02-09,,yes,,,Irving Street,CA,"94122","2425",,San Francisco,,,,,,,,,,,,,,,,,,,,,,,,,,,,,,,/Users/admin/Desktop/QGIS/Polygon_markets_sf.shp
549887.930863943,4176460.91035134,w277743066,"277743066",way,supermarket,,,,,,,,,"1",,,,,,,,,,,,,,,,,,,,,,,,no,,,,+1 415 586 9999,,,https://canyonmarket.com/,,Mo-Su 07:00-20:00,Canyon Market,,,commercial,,,Diamond Street,CA,"94131","2815",,San Francisco,,,,,,,,,,,,,,,,,,,,,,,,,,,,,,,/Users/admin/Desktop/QGIS/Polygon_markets_sf.shp
543657.66913142,4179377.69762389,w277861419,"277861419",way,supermarket,,,,,,,,,"0",,,,,,,,,,,,,,,,,,,,info@otheravenues.coop,,,,,,,yes,+1-415-661-7475,,,https://otheravenues.coop,,"08:00-21:00",Other Avenues Grocery Co-op,2025-12-21,,yes,,,Judah Street,CA,"94122","3930",,San Francisco,,,,,,,,,,,,,,,,,,,,,,,,,,,,,,,/Users/admin/Desktop/QGIS/Polygon_markets_sf.shp
546495.461055166,4177429.91427504,w278909610,"278909610",way,supermarket,,,,,,,yes,yes,,,,,,yes,yes,yes,,,,,,,,,,,,,,,,,,,,,,"6",,http://www.parksidefarmersmarket.com/,,"Mo-Sa 07:00-19:00; Su 07:00-18:00",Parkside Farmers Market,,,yes,,,Taraval Street,CA,"94116","555",US,San Francisco,,,,,,,,,,,,,,,,,,,,,,,,,,,,,,,/Users/admin/Desktop/QGIS/Polygon_markets_sf.shp
544286.063180866,4176877.65946008,w288678028,"288678028",way,supermarket,,,,,,SanfranQ_4133,,,,,,,,,,,,,,,,,,,,,,,,,,,,,,,,"7",,,,,Sunset Super,2025-11-26,,yes,,,Vicente Street,CA,"94116","2801",US,San Francisco,,,,,,,,,,,,,,,,,,,,,,,,,,,,,,,/Users/admin/Desktop/QGIS/Polygon_markets_sf.shp
552357.435811551,4173638.83373286,w289560462,"289560462",way,supermarket,,,,Grocery Outlet Bargain Market,https://www.facebook.com/visitacionvalleygroceryou,,,,,,,,,,,,,,,,,,,,,,,,visitacionvalley@groceryoutlet.com,,,,,,Visitacion Valley,,+1 415-715-1030,"5",,,,"08:00-21:00",Grocery Outlet,,,yes,Q5609934,Grocery Outlet,Bayshore Boulevard,CA,"94134","2630",,San Francisco,,,,,,,,,,,,,,,,,,,,,,,,,,,,,,,/Users/admin/Desktop/QGIS/Polygon_markets_sf.shp
552072.25842796,4176139.03330723,w290044336,"290044336",way,supermarket,,,,Grocery Outlet Bargain Market,,,,,,,,,,,,,,,,,,,,,,,,,,,,,,,,,+1-415-825-5678,"7",,,,Mo-Su 08:00-21:00,Grocery Outlet,,,yes,Q5609934,Grocery Outlet,Silver Avenue,,,"1390",,,,,,,,,,,,,,,,,,,,,,,,,,,,,,,,,/Users/admin/Desktop/QGIS/Polygon_markets_sf.shp
549446.878535555,4174890.38901617,w290616523,"290616523",way,supermarket,,,,,,,,,,,,,,,,,,,,,,,,,,,,,,,,,,,,,+1 415-587-7200,"6",Safeway 0964,https://local.safeway.com/safeway/ca/san-francisco/4950-mission-st.html,,24/7,Safeway,,,yes,Q1508234,Safeway,Mission Street,CA,"94112","4950",,San Francisco,,,,,,,,,,,,,,,,,,,,,,,,,,,,,,,/Users/admin/Desktop/QGIS/Polygon_markets_sf.shp
552024.616431783,4180115.26870166,w293604057,"293604057",way,supermarket,,,"203",,,,,,,,,,,,,,,,,,,,,,,,,,,,,,,,,,+1 415-575-1120,,Safeway 1490,https://local.safeway.com/safeway/ca/san-francisco/2300-16th-st-unit-203.html,,"06:00-23:00",Safeway,2024-06-07,,retail,Q1508234,Safeway,16th Street,CA,"94102","2300",,San Francisco,,,,,,,,,,,,,,,,,,,,,,,,,,,,,,,/Users/admin/Desktop/QGIS/Polygon_markets_sf.shp
550318.25245024,4176049.34915624,w503144637,"503144637",way,supermarket,,,,,,,,,,,,,,,,,,,,,,,,,,,,,,,,,,,,,+1-415-337-7272,,,,,Mo-Su 09:00-19:30,Manila Oriental Market,,,yes,,,Mission Street,CA,"94112","4175",,San Francisco,,,,,,,,,,,,,,,,,,,,,,,,,,,,,,,/Users/admin/Desktop/QGIS/Polygon_markets_sf.shp
551450.990546039,4178586.05757197,w503427028,"503427028",way,supermarket,,,,Grocery Outlet Bargain Market,,,,,,,,,,,,,,,,,,,,,,,,,,,,,,,,,+1-415-872-7170,,,https://groceryoutlet.com/circulars/storeid/306,,Mo-Su 08:00-20:00,Grocery Outlet,,,yes,Q5609934,Grocery Outlet,South Van Ness Avenue,CA,"94110","1245",,San Francisco,,,,,,,,,,,,,,,,,,,,,,,,,,,,,,,/Users/admin/Desktop/QGIS/Polygon_markets_sf.shp
546938.279099355,4181828.46599056,w624596716,"624596716",way,supermarket,,新美華超級市場,,,,,,,,,,,,,,,,,,,,,,,,,,,,,,,,,,,,,,,,,Richmond New May Wah Supermarket,,,,,,,,,,,,,,,,,,,,,,,,,,,,,,,,,,,,,,,,,,/Users/admin/Desktop/QGIS/Polygon_markets_sf.shp
551357.910557238,4181182.30666687,w1105289817,"1105289817",way,supermarket,,,"100",,,,,,"0",,Market on Market,,,,,,,,,,,,,,,,,,,,,,,,,,+1 415-767-5130,,,https://www.visitthemarket.com/,,Mo-Fr 08:00-20:00,The Market,2025-12-02,,,,,Market Street,CA,"94103","1355",,San Francisco,,,,,,,,,,,,,,,,,,,,,,,,,,,,,,,/Users/admin/Desktop/QGIS/Polygon_markets_sf.shp
544639.039167947,4181773.17394081,w1156829796,"1156829796",way,supermarket,,,,,,,,,,,,,,,,,,,,,,"1",,,,,,,,,,,,,,,,,,https://local.andronicos.com/ca/san-francisco/375-32nd-ave.html,,,Andronico's,,,yes,Q4759491,Andronico's,32nd Avenue,CA,"94121","375",,San Francisco,,,,,,,,,,,,,,,,,,,,,,,,,,,,,,,/Users/admin/Desktop/QGIS/Polygon_markets_sf.shp
544987.518669411,4176321.85118502,w1378825464,"1378825464",way,supermarket,+1-415-681-4300,,,,,,,,,,,,,,,,,,,,,,,,,,,,,,,,,"755",,,,"7",,,,,Lucky,,,retail,Q6698032,Lucky,Sloat Boulevard,CA,"94132","1515",US,San Francisco,,,,,,,,,,,,,,,,,,,,,,,,,,,,,,,/Users/admin/Desktop/QGIS/Polygon_markets_sf.shp
553360.056623216,4181221.34890739,n293632937,"293632937",node,supermarket,,,,,,,,yes,,,,"298",,,,,,,,no,,,,,,,,,,,,,,"2606",,yes,+1 415-633-1001,,Safeway 2606,https://local.safeway.com/safeway/ca/san-francisco/298-king-st.html,,,Safeway,2024-09-02,,,Q1508234,Safeway,King Street,CA,"94107",,,San Francisco,,,,,,,,,,,,,,,,,,,,,,,,,,,no,Su-Sa 06:00-22:00,wlan,no,/Users/admin/Desktop/QGIS/point.shp
548181.569254051,4182242.08316469,n332787306,"332787306",node,supermarket,,,,,,,,,,,,,,,,,,,,,,,,,,,,,,,,2023-11-03,,,,yes,,,,,,,Calmart,,,,,,,,,,,,,,,,,,,,,,,,,,,,,,,,,,,,,,,,,,/Users/admin/Desktop/QGIS/point.shp
552854.273854768,4181703.21185547,n389404007,"389404007",node,supermarket,,,,,,,,yes,,,,"399",,,,,,,,,,,,,,,,,,,,2024-10-03,,soma,SoMa,,+1 415-618-0066,,,https://www.wholefoodsmarket.com/stores/soma,,,Whole Foods Market,2024-10-03,,,Q1809448,Whole Foods Market,4th Street,CA,"94107",,,San Francisco,,,,,,,,,,,,,,,,,,,,,,,,,,,,Mo-Su 08:00-22:00,,no,/Users/admin/Desktop/QGIS/point.shp
551318.298013239,4181177.91743398,n411910255,"411910255",node,,,,,,,,,,,,,,,,,,,,,,,,,,,,,,,,,,,,,,,,,,,,,,,,,,,,,,,,,,,,,,,,,,,,,,,,,,,,street,wall_mounted,"3",analog,no,clock,,,,,/Users/admin/Desktop/QGIS/point.shp
549157.937375644,4183774.27453028,n416779714,"416779714",node,supermarket,,,,,,,,,,,,"2323",,,,,,,,,,,,,,,,,,,,,,,,yes,,,,,,,Marina Supermarket,,,,,,Chestnut Street,CA,,,,San Francisco,,,,,,,,,,,,,,,,,,,,,,,,,,,,,,,/Users/admin/Desktop/QGIS/point.shp
549629.154056401,4179410.35778354,n459504817,"459504817",node,supermarket,,,,,,,,,,,,"4201",,,,,,,,,,,,,,,,,,,,,,,,yes,+1-415-255-8959,,,https://www.molliestones.com/,,,Mollie Stone's,,,,,,18th Street,,,,,,,,,,,,,,,,,,,,,,,,,,,,,,,,,Mo-Su 07:00-21:00,,,/Users/admin/Desktop/QGIS/point.shp
552029.853124803,4183642.34232288,n612767884,"612767884",node,supermarket,,恆興超級市場,,,,,,,,,,"1401",,,,,,,,,,,,,,,,,,,,,,,,,+1 415 3972668,,,,,,JW & L Market,,,,,,Stockton Street,CA,,,,San Francisco,,,,,,,,,,,,,,,,,,,,US,,,,,,,,,,,/Users/admin/Desktop/QGIS/point.shp
546157.963070389,4175609.81009276,n761762694,"761762694",node,supermarket,,,,,,,,,,,,"265",,,,,,,,,,,,,,,,,,,,,,"236",San Francisco - Stonestown,,+1 415-665-1835,,,https://locations.traderjoes.com/ca/san-francisco/236/,,,Trader Joe's,,,,Q688825,Trader Joe's,Winston Drive,CA,"94132",,,San Francisco,,,,,,,,,,,,,,,,,,,,,,,,,,,,Mo-Su 08:00-21:00,,,/Users/admin/Desktop/QGIS/point.shp
552057.568320397,4181417.09088447,n904141569,"904141569",node,grocery,,,,,,,,only,,,,,,,,,,,,,,,,,,,,,,,,,,,,,,,,,,,Starco Mart,,,,,,,,,,,,,,,,,,,,,,,,,,,,,,,,,,,,,,,,,,/Users/admin/Desktop/QGIS/point.shp
550766.862303076,4182682.00466314,n1002186270,"1002186270",node,supermarket,,,,,,,,,,,,"1765",,,,,,,,no,,,,,,,,,,,,2024-10-03,,franklin,Franklin,yes,+1 415-674-0500,,,https://www.wholefoodsmarket.com/stores/franklin,,,Whole Foods Market,2024-10-03,,,Q1809448,Whole Foods Market,California Street,CA,"94109",,,San Francisco,,,,,,,,,,,,,,,,,,,,,,,,,,,,Mo-Su 08:00-22:00,wlan,,/Users/admin/Desktop/QGIS/point.shp
553772.231952976,4176784.26887464,n1205120785,"1205120785",node,supermarket,,,,,,,,,,,,,,,,,,,,,,,,,,,,,,,,,,,,,,,,,,,Super Save,,,,,,,,,,,,,,,,,,,,,,,,,,,,,,,,,,,,,,,,,,/Users/admin/Desktop/QGIS/point.shp
552160.642626867,4180572.48616134,n1213823254,"1213823254",node,supermarket,,,,,,,,,,,,"555",,,,,,,,,,,,,,,,,,,,2023-05-21,,"78",San Francisco - 9th Street,yes,+1 415-863-1292,,,https://locations.traderjoes.com/ca/san-francisco/78/,,,Trader Joe's,,,,Q688825,Trader Joe's,9th Street,CA,"94103",,,San Francisco,,,,,,,,,,,,,,,,,,,,,,,,,,,,"08:00-21:00",,,/Users/admin/Desktop/QGIS/point.shp
551397.129634175,4182995.97617533,n1350484814,"1350484814",node,supermarket,,,,,,,,,,,,"1263",,,yes,yes,,,,,,,,,,,,,,,,,,,,,+1-415-885-3030,,,https://www.lebeaumarket.com/,,,Le Beau Market,,,,,,Leavenworth Street,,"94109",,,,,,,,,,,,,,,,,,,,,,,,,,,,,,,,,,/Users/admin/Desktop/QGIS/point.shp
550912.729403257,4183399.30112198,n1478520948,"1478520948",node,supermarket,,,,,,,,,,,,"2140",,,,,,,,,,,,,,,,,,,,,,,,,+1-415-278-7800,,,https://biritemarket.com/,,,Bi-Rite Market,,,,,,Polk Street,CA,"94109",,,San Francisco,,,,,,,,,,,,,,,,,,,,,,,,,,,,Mo-Su 08:00-21:00,,,/Users/admin/Desktop/QGIS/point.shp
548789.240965145,4181118.41093423,n1706618868,"1706618868",node,supermarket,,,,,,,,,"0",,Fulton Market,"1750",,,,,,,,,,,,,,,,,,,,2026-01-09,,,,yes,,,,,,,Lucky,,,,Q6698032,Lucky,Fulton Street,CA,"94117",,,San Francisco,,,,,,,,,,,,,,,,,,,Petrini Market,US,,,,,,,,Mo-Su 07:00-22:00,,,/Users/admin/Desktop/QGIS/point.shp
548056.719316523,4175310.49527114,n1924130352,"1924130352",node,supermarket,,,,,,,,,,,,"1150",,,,,,,,,,,,,,,,,,,,2024-10-03,,ocean,Ocean,,+1 415-333-7400,,,https://www.wholefoodsmarket.com/stores/ocean,,,Whole Foods Market,2024-10-03,,,Q1809448,Whole Foods Market,Ocean Avenue,CA,"94112",,,San Francisco,,,,,,,,,,,,,,,,,,,,,,,,,,,,Mo-Su 08:00-22:00,,,/Users/admin/Desktop/QGIS/point.shp
551268.829783531,4178149.67058395,n2047570604,"2047570604",node,supermarket,,,,,,,,,,,,,,,,,,,,,,,,,,,,,,,,2025-02-27,,,,limited,,,,,,,Casa Guadalupe,2025-02-27,,,,,,,,,,,,,,,,,,,,,,,,,,,,,,,,,,,,,,Mo-Su 08:00-20:00,,,/Users/admin/Desktop/QGIS/point.shp
551047.109300489,4178483.89450121,n2050131394,"2050131394",node,supermarket,,,,,,,,,,,,"1299",,,,,,,,,,,,,,,,,,,,2025-02-27,,,,no,,,,,,,Valencia Farmers Market,2025-02-27,,,,,Valencia Street,,,,,,,,,,,,,,,,,,,,,,,,,,,,,,,,,"Mo-Fr 08:00-19:00; Sa,Su 08:30-18:30",,,/Users/admin/Desktop/QGIS/point.shp
552421.024295053,4176068.47802203,n2059226347,"2059226347",node,supermarket,,,,,,,,,,,,,,,,,,,,,,,,,,,,,,,,,,,,,,,,,,,San Bruno Supermarket,,,,,,,,,,,,,,,,,,,,,,,,,,,,,,,,,,,,,,,,,,/Users/admin/Desktop/QGIS/point.shp
551003.926184762,4179016.08014892,n2069159598,"2069159598",node,supermarket,,,,,,,,,,,,"999",,,,,,,,,,,,,,yes,yes,,,,,2025-07-31,,,,yes,,,,,,,Valencia Whole Foods,2025-07-31,,,,,Valencia Street,,,,,,,,,,,,,,,,,,,,,,,yes,,,,,,,,,,Th-Tu 11:00-21:00,,,/Users/admin/Desktop/QGIS/point.shp
549897.453702138,4176522.43553671,n2078333126,"2078333126",node,supermarket,,,,,,,,,,,,,,,,,,,,,,,,,,,,,,,,,,,,,,,,,,,Buddies Market,,,,,,,,,,,,,,,,,,,,,,,,,,,,,,,,,,,,,,,,,,/Users/admin/Desktop/QGIS/point.shp
551603.582428933,4184394.87902214,n2130264969,"2130264969",node,supermarket,,,,,,,,,,,,"401",,,,,,,,,,,,,,,,,,,,,,"19",San Francisco - North Beach,,+1 415-351-1013,,,https://locations.traderjoes.com/ca/san-francisco/19/,,,Trader Joe's,,,,Q688825,Trader Joe's,Bay Street,CA,"94133",,,San Francisco,,,,,,,,,,,,,,,,,,,,,,,,,,,,Mo-Su 08:00-21:00,,,/Users/admin/Desktop/QGIS/point.shp
550099.358645979,4182141.42171667,n2184767720,"2184767720",node,supermarket,,,#333,,,,,yes,"0",,,"1737",,yes,yes,yes,,,,,,,,,,,,,,,,2024-02-03,,,,yes,+1 415 5631901,,,https://www.nijiya.com/,,https://www.nijiya.com/store-location,Nijiya Market,,,,Q24566947,,Post Street,CA,"94115",,,San Francisco,,,,,,,,,,,,,,,Category:Nijiya Market (San Francisco store),yes,japanese,,,,,,,,,,,Mo-Su 10:00-20:00,,,/Users/admin/Desktop/QGIS/point.shp
551249.223033766,4182760.29775993,n2184790554,"2184790554",node,supermarket,,,,,,,,,,,,"1095",,,yes,,,,,,,,,,,,,,,,,2023-01-09,,"200",San Francisco - Nob Hill,yes,+1 415-292-7665,,,https://locations.traderjoes.com/ca/san-francisco/200/,,,Trader Joe's,,,,Q688825,Trader Joe's,Hyde Street,CA,"94109",,,San Francisco,,,,,,,,,,,,,,,,,,,,,,,,,,,,Mo-Su 09:00-21:00,,,/Users/admin/Desktop/QGIS/point.shp
551512.275635358,4183339.82116615,n2220082604,"2220082604",node,supermarket,,,,,,,,,,,,,,,,,,,,,,,,,,,,,,,,,,,,,,,,,,,New Russian Hill Market,,,,,,Jones Street,,,,,San Francisco,,,,,,,,,,,,,,,,,,,,,,,,,,,,,,,/Users/admin/Desktop/QGIS/point.shp
549476.771266019,4181301.22454978,n2338835471,"2338835471",node,supermarket,,,,,,,,,"0",,,"860",,,,,,,,,,,,,,,,,,,,2025-09-05,,,,yes,,,,http://www.greenearthnaturalfoods.com/,,,Green Earth,,,,,,Divisadero Street,CA,"94117",,,San Francisco,,,,,,,,,,,,,,,,,,,,,,,,,,,,Mo-Su 09:00-21:00,,,/Users/admin/Desktop/QGIS/point.shp
550459.91654158,4180311.6603203,n2479681841,"2479681841",node,supermarket,,,,,,,,,"0",,,"2001",,,,,,,,,,,,,,,,,,,,2025-06-06,,2001marketstreet,2001 Market Street,yes,+1 415-626-1430,,,https://www.wholefoodsmarket.com/stores/2001marketstreet,,,Whole Foods Market,2025-06-06,,,Q1809448,Whole Foods Market,Market Street,CA,"94114",,,San Francisco,,,,,,,,,,,,,,,,,,,,,,,,,,,,Mo-Su 08:00-22:00,,,/Users/admin/Desktop/QGIS/point.shp
552390.008170297,4177309.65735043,n2641796593,"2641796593",node,supermarket,,,,Grocery Outlet Bargain Market,,,,,,,,"355",,,,,,,,,,,,,,,,,,,,,,,,yes,,,,,,,Grocery Outlet,,,,Q5609934,Grocery Outlet,Bayshore Boulevard,,"94124",,,San Francisco,,,,,,,,,,,,,,,,,,,,,,,,,,,,Mo-Su 08:00-21:00,,,/Users/admin/Desktop/QGIS/point.shp
552087.064141355,4178568.67740339,n2667574537,"2667574537",node,supermarket,,,,,https://www.facebook.com/profile.php?id=100063808397737,,,yes,,,,"2824",,,,,,,,,,,,,,yes,yes,,,,,2023-02-11,,,,yes,+1 415-282-6838,,,,,,Five Markets,,,,,,24th Street,,"94110",,,San Francisco,,,,,,,,,,,yes,yes,yes,Natural food grocery store,,,,,,,,,,,,,,"09:00-20:00",,,/Users/admin/Desktop/QGIS/point.shp
548391.49410161,4180374.46639969,n2693004231,"2693004231",node,supermarket,,,,,,,,,"0",,,"1699",,,,,,,,,,,,,,,,,,,,2026-01-25,,,,yes,,,,,,,Frank's Liquors,,,,,,Haight Street,,,,,,,,,,,,,,,,,,,,,,,,,,,,,,,,,"Mo-Th,Su 07:00-02:00; Fr-Sa 07:00-24:00",,,/Users/admin/Desktop/QGIS/point.shp
550998.543801368,4182696.15194219,n2698387925,"2698387925",node,supermarket,,,,,,,,,,,,"1475",,,yes,,,,,,,,,,,,,,,,,2023-02-09,,,,yes,+1-415-771-9099,,,,,,Golden Farmer Market,,,,,,Polk Street,,"94109",,,San Francisco,,,,,,,,,,,,,,,,,,,,,,,,,,,,,,,/Users/admin/Desktop/QGIS/point.shp
552070.836821202,4183557.39980263,n3148123214,"3148123214",node,supermarket,,,,,,,,,,,,,,,,,,,,,,,,,,,,,,,,,,,,,,,,,,,Pang Kee Bargain Market,,,,,,,,,,,,,,,,,,,,,,,,,,,,,,,,,,,,,,,,,,/Users/admin/Desktop/QGIS/point.shp
552061.995573817,4183613.35354422,n3148123215,"3148123215",node,supermarket,,,,,,,,,,,,,,,,,,,,,,,,,,,,,,,,,,,,,,,,,,,"Sun Kau Shing Co., Inc.",,,,,,,,,,,,,,,,,,,,,,,,,,,,,,,,,,,,,,,,,,/Users/admin/Desktop/QGIS/point.shp
551370.819940269,4182500.84664023,n3376135508,"3376135508",node,supermarket,,,,,,,,,,,,"988",,,,,,,,,,,,,,,,,,,,,,,,,,,,,,,Sutter Fine Foods,,,,,,Sutter Street,CA,"94109",,,San Francisco,,,,,,,,,,,,,,,,,,,,,,,,,,,,Mo-Su 08:00-20:00,,,/Users/admin/Desktop/QGIS/point.shp
545615.188607732,4181965.69468656,n3524458050,"3524458050",node,supermarket,,,,,,,,,,,,"6001",,,,,,,,,,,,,,,,,,,,,,,,,+1 415-221-7600,,,,,,6001 California Market (Appel & Dietrich),,,,,,California Street,CA,"94121",,,San Francisco,,,,,,,,,,,,,,,,,,,,,,,,,,,,Mo-Su 08:30-20:30,,,/Users/admin/Desktop/QGIS/point.shp
545875.805527014,4177402.62440172,n3564521986,"3564521986",node,supermarket,,幸運平價市場,,,,,,,,,,"1217",,,,,,,,,,,,,,,,,,,,,,,,,+1 415 682-8822,,,,,,Good Luck Market,,,,,,Taraval Street,CA,"94116",,,San Francisco,,,,,,,,,,,,,,,,,,,,,,,,,,,,,,,/Users/admin/Desktop/QGIS/point.shp
551813.353963912,4181179.1971945,n3641710571,"3641710571",node,supermarket,,,,,,,,,,,,,,,,,,,,,,,,,,,,,,,,2024-04-14,,,,,,,,,,,Harvest Urban Market,,,,,,8th Street,,,,,,,,,,,,,,,,,,,,,,,,,,,,,,,,,"Mo-Fr 07:00-22:00; Sa-Su 08:30-22:00",,,/Users/admin/Desktop/QGIS/point.shp
551717.612575972,4179790.71043006,n3850073315,"3850073315",node,supermarket,,,,,,,,,,,,"2111",,,,,,,,,,,,,,,,,,,,,,,,,+1 415 431 9300,,,https://gussmarket.com/,,,Gus's Community Market,,,,,,Harrison Street,,"94110",,,,,,,,,,,,,,,,,,,,,,,,,,,,,,,"07:00-22:00",,,/Users/admin/Desktop/QGIS/point.shp
551657.233009998,4178176.95963806,n3857827557,"3857827557",node,supermarket,,,,,,,,,,,,"2997",yes,,,,,,,,,,,,,yes,yes,,,,,2024-04-09,,,,no,,,,,,,Rubin's Market,,,,,,Folsom Street,,,,,San Francisco,,,,,,,,,,,,,,,,,,,,,,,,,,,,,,,/Users/admin/Desktop/QGIS/point.shp
551941.974845119,4183292.82534719,n3969574176,"3969574176",node,supermarket,,,,,,,,,,,,,,,,,,,,,,,,,,,,,,,,,,,,,,,,,,,Kiki Supermarket,,,,,,,,,,,,,,,,,,,,,,,,,,,,,,,,,,,,,,,,,,/Users/admin/Desktop/QGIS/point.shp
552060.314773816,4183467.08311075,n4017220288,"4017220288",node,supermarket,,,,,,,,,,,,"1215",,,,,,,,,,,,,,,,,,,,,,,,,,,,,,,J & L Vegi Supermarket,,,,,,Stockton Street,,,,,,,,,,,,,,,,,,,,,,,,,,,,,,,,,,,,/Users/admin/Desktop/QGIS/point.shp
552120.349686372,4183442.35414582,n4018980288,"4018980288",node,supermarket,,,,,,,,,,,,"772",,,,,,,,,,,,,,,,,,,,,,,,,,,,,,,New Asia Market,,,,,,Pacific Avenue,,"94133",,,,,,,,,,,,,,,,,,,,,,,,,,,,,,,,,,/Users/admin/Desktop/QGIS/point.shp
551243.2447976,4178051.98377916,n4113464697,"4113464697",node,supermarket,,,,,,,,,,,,"3400",,,,,,,,,,,,,,,,,,,,2025-03-06,,,,yes,,,,,,,Casa Guadalupe,2025-03-06,,,,,Cesar Chavez Street,CA,"94110",,,San Francisco,,,,,,,,,,,,,,,,,,,,,,,,,,,,Mo-Su 08:00-20:00,,,/Users/admin/Desktop/QGIS/point.shp
551421.149464274,4178667.45009548,n4173566690,"4173566690",node,supermarket,,,,,,,,,,,,"1201;1203;1205",,,,,,,,,,,,,,,,,,,,2023-02-13,,,,,,,,,,,Casa Maria,,,,,,South Van Ness Avenue,,,,,,,,,,,,,,,,,,,,,,,,,,,,,,,,,,,,/Users/admin/Desktop/QGIS/point.shp
551139.916239999,4179383.05735955,n4218361464,"4218361464",node,supermarket,,,,,,,,,,,,,,,,,,,,,,,,,,,,,,,,2025-05-25,,,,yes,,,,,,,City Discount Meat & Grocery Market,,,,,,,,,,,,,,,,,,,,,,,,,,,,,,,,,,,,,,,,,,/Users/admin/Desktop/QGIS/point.shp
551238.915767457,4178551.45662425,n4548821705,"4548821705",node,supermarket,,,,,,,,,,,,"2765",,,,,,,,,,,,,,,,,,,,,,,,limited,,,,,,,Mi Pueblito Market,,,,,,Mission Street,,,,,,,,,,,,,,,,,,,,,,,,,,,,,,,,,,,,/Users/admin/Desktop/QGIS/point.shp
545118.547787412,4181501.77367839,n4564626093,"4564626093",node,supermarket,,,,Grocery Outlet Bargain Market,,,,,"0",,,"6333",,yes,yes,yes,,,,,,,,,,,,,,,,2022-10-17,,"245",,yes,+1-415-876-5576,,,https://groceryoutlet.com/circulars/storeid/245,,,Grocery Outlet,,,,Q5609934,Grocery Outlet,Geary Boulevard,CA,"94121",,,San Francisco,,,,,,,,,,,,,,,,,,,,,,,,,,,,Sa-Su 08:00-22:00,,,/Users/admin/Desktop/QGIS/point.shp
551509.017968464,4183220.23673524,n4625108173,"4625108173",node,supermarket,,,,,,,,,,,,,,,,,,,,,,,,,,,,,,,,,,,,yes,,,,,,,Jackson Market,,,,,,,,,,,,,,,,,,,,,,,,,,,,,,,,,,,,,,,Mo-Sa 14:00-19:00,,,/Users/admin/Desktop/QGIS/point.shp
551708.993778391,4183052.50761295,n4625169865,"4625169865",node,grocery,,,,,,,,,,,,"1199",yes,,,,,,,,,,,,,,,,,,,,,,,,,,,,,,VJ Grocery,,,,,,Taylor Street,CA,,,,San Francisco,,,,,,,,,,retail,,,,,,,,,,,,,,,,,,,,,/Users/admin/Desktop/QGIS/point.shp
549956.161554913,4183613.86014203,n4625224087,"4625224087",node,grocery,,,,,,,,,,,,,,,,,,,,,,,,,,,,,,,,,,,,,,,,,,,,,,,,,,,,,,,,,,,,,,,,,,,,,,,,,,,,,,,,,,,,,/Users/admin/Desktop/QGIS/point.shp
545892.250611886,4181980.55958694,n4630226706,"4630226706",node,supermarket,,,,,,,,,,,,,,,,,,,,,,,,,,,,,,,,,,,,,,,,,,,New California Market,,,,,,,,,,,,,,,,,,,,,,,,,,,,,,,,,,,,,,,,,,/Users/admin/Desktop/QGIS/point.shp
551553.272435058,4182203.24383724,n4631891265,"4631891265",node,grocery,,,,,,,,,,,,"596",,,,,,,,,,,,,,,,,,,,2024-03-30,,,,,,,,,,,Mi Reyna Market,,,,,,O'Farrell Street,,,,,,,,,,,,,,,,,,,,,,,,,,,,,,,,,,,,/Users/admin/Desktop/QGIS/point.shp
551218.067422588,4183171.19912929,n4637210183,"4637210183",node,supermarket,,,,,,,,,,,,,,,,,,,,,,,,,,,,,,,,,,,,,,,,,,,J H Grocery and Liquor,,,,,,,,,,,,,,,,,,,,,,,,,,,,,,,,,,,,,,,,,,/Users/admin/Desktop/QGIS/point.shp
552606.883600002,4179835.37325762,n4661543003,"4661543003",node,supermarket,,,,,,,,,,,,"450",,,,,,,,,,,Whole Foods,,,,,,,,,2024-10-03,,potrerohill,Potrero Hill,no,+1 415-552-1155,,,https://www.wholefoodsmarket.com/stores/potrerohill,,,Whole Foods Market,2024-10-03,,,Q1809448,Whole Foods Market,Rhode Island Street,CA,"94107",,,San Francisco,,,,,,,,,,,,,,,,,,,,,,,,,,,,Mo-Su 08:00-22:00,,,/Users/admin/Desktop/QGIS/point.shp
553596.01889146,4180944.88547189,n4693634740,"4693634740",node,supermarket,,,,,,,yes,,,,,"1101",,,yes,yes,,,,,,,,,,,,,,,,,,,,yes,,,,,,,Gus's Community Market,,,,,,4th Street,CA,"94158",,,San Francisco,,,,,,,,,,,,,,,,,,,,,,,,,,,,"PH,Mo-Su 08:00-21:00",,,/Users/admin/Desktop/QGIS/point.shp
552336.142915856,4182171.24622637,n4704557447,"4704557447",node,supermarket,,,,,,,,,"-1",,,"10",,,,,,,,,,,,,,,,,,,,2025-03-04,,"225",San Francisco - Pacific Place,,+1 415-536-7801,,,https://locations.traderjoes.com/ca/san-francisco/225/,,,Trader Joe's,2022-10-14,,,Q688825,Trader Joe's,4th Street,CA,"94103",,,San Francisco,,,,,,,,,,,,,,,,,,,,,,,,,,,,"09:00-21:00",,,/Users/admin/Desktop/QGIS/point.shp
549410.994594373,4180812.39162591,n4852448016,"4852448016",node,supermarket,,,,,,,,,"0",,,"302",,,,,,,,,,,,,,,,,,,,2025-12-02,,,,,,,,http://fallettifoods.com,,,Falletti Foods,,,,,,Broderick Street,CA,"94127",,,San Francisco,,,,,,,,,,,,,,,,,,,,,,,,,,,,Mo-Su 07:00-21:00,,,/Users/admin/Desktop/QGIS/point.shp
553535.383540638,4182582.36398857,n6469314085,"6469314085",node,supermarket,,,,,,,,,,,,"203",,,,,,,,,,,,,,,,,,,,2023-11-17,,,,,,,,https://www.woodlandsmarket.com/san-francisco/,,,Woodlands Market,,,,,,Folsom Street,CA,"94105",,,San Francisco,,,,,,,,,,,,,,,,,,,,,,,,,,,,Mo-Su 07:00-21:00,,,/Users/admin/Desktop/QGIS/point.shp
543180.439800949,4180680.34740308,n6536212405,"6536212405",node,,,,,,,,,,,,,,,,,,,,,,,,,,,,,,,,,,,,,,,,,,,,,,,,,,,,,,,,,,,,,,yes,sliding,yes,,,,,,,,,,,,,,,,,,,,,,/Users/admin/Desktop/QGIS/point.shp
547335.930910636,4181892.44736235,n6791585433,"6791585433",node,grocery,,,,,,,,,"0",,,"304",,,,,,,,,,,,,,,,,,,,2025-04-27,,,,yes,,,,,,,Olive,,,,,,Clement Street,,,,,,,,,,,,,,,,,,,,,,,,,,,,,,,,,,,,/Users/admin/Desktop/QGIS/point.shp
549718.171035738,4183467.67991063,n8140177640,"8140177640",node,supermarket,,,,,,,yes,yes,,,,"2190",,yes,yes,yes,,2020-11-14,,,,,,,,yes,yes,,,,,,,,,,,,,https://lukeslocal.com/,,,Luke's Local,,,,,,Union Street,CA,"94123",,,San Francisco,,,,,,yes,,,,,,,,,,,,,,,,,,,,,,Mo-Su 08:00-21:00,,,/Users/admin/Desktop/QGIS/point.shp
546922.283065231,4173817.17180777,n8663867589,"8663867589",node,supermarket,,,,,,,,,,korean,,"3995",,,,,,,,,,,,,,,,,,,,2024-08-24,,,,yes,+1 650 9937450,,,https://www.hmart.com/storelocator/index/index/id/97/,,,H Mart,,,,Q5636306,H Mart,Alemany Boulevard,,,,,,韓亞龍,韩亚龙,한아름,H Mart,H 마트,,,,,,,,,,,,asian,,,,,,,,,,,"Mo-Su,PH 08:00-22:00",,,/Users/admin/Desktop/QGIS/point.shp
543742.956990951,4178512.03341526,n9147266528,"9147266528",node,supermarket,,,,,,,,,,,,"3701",,,,,,,,,,,,,,,,,,,,,,,,,+1-415-564-0370,,,https://gussmarket.com/market-locations/noriega-market-san-francisco/,,,Gus's Community Market,,,,,,Noriega Street,CA,"94122",,San Francisco,San Francisco,,,,,,,,,,,,,,"Neighborhood grocery store with fresh fruit, deli, fresh sushi, sandwiches, coffee, and more.",,,,,,US,,,,,,,,Mo-Su 08:00-21:00,,,/Users/admin/Desktop/QGIS/point.shp
551518.095529578,4180379.72195706,n9765670368,"9765670368",node,,,,,,,,,,,,,,,,,,,,,,,,,,,,,,,,,,,,,,,,,,,,,,,,,,,,,,,,,,,,,,main,sliding,,,,,,,,,,,,,,,,,,,,,,,/Users/admin/Desktop/QGIS/point.shp
544813.023950408,4178581.74473991,n9794184321,"9794184321",node,supermarket,,,,,,,,,"0",,,"2551",,,,,,,,,,,,,,,,,,,,2025-12-15,,,,yes,+1 415-682-7287,,,,,,Boss Supermarket,,,,,,Noriega Street,,,,,,,,,Boss Supermarket,,,,,,,,,,Asian grocery & seafood store,,,,,,,,,,,,,,,,,/Users/admin/Desktop/QGIS/point.shp
555403.435073073,4186739.73071724,n10057579916,"10057579916",node,supermarket,,,,,,,,,,,,,,,,,,,,,,,,,,,,,islandcovemarket@yahoo.com,,,,,,,,+1-415-391-2299,,,https://islandcovefoodcourt.com,,,Island Cove Market,,,,,,,,"94130",,,,,,,,,,,,,,,,,,,,,,,,,,,,,,,,,,/Users/admin/Desktop/QGIS/point.shp
547103.337341917,4180942.96688027,n10311776854,"10311776854",node,supermarket,,,,,,,,,,,,"735",,,,,,,,,,,Safeway,,,,,,,,,2025-12-06,,,"2646",,+1-415-683-4070,,Safeway 2646,https://local.safeway.com/safeway/ca/san-francisco/735-7th-ave.html,,,Safeway,,,,Q1508234,Safeway,7th Avenue,CA,"94118",,San Francisco,San Francisco,,,,,,,,,,,,,,,,,,,,US,,,,,,,,Mo-Su 06:00-24:00,,,/Users/admin/Desktop/QGIS/point.shp
546146.259332771,4175884.08351278,n10610255658,"10610255658",node,supermarket,,,,,,,,,,,,"3251",,,,,,,,,,,,,,,,,,,,2024-10-03,,stonestown,Stonestown,,+1 415-375-4242,,,https://www.wholefoodsmarket.com/stores/stonestown,,,Whole Foods Market,2024-10-03,,,Q1809448,Whole Foods Market,20th Avenue,CA,"94132",,,San Francisco,,,,,,,,,,,,,,,,,,,,,,,,,,,,Mo-Su 08:00-22:00,,,/Users/admin/Desktop/QGIS/point.shp
546077.011460879,4181565.46366702,n10794112885,"10794112885",node,supermarket,,,,,,,,,"0",,,"5335",,,,,,,,,,,,,,,,,,,,2024-09-18,,,,,+1 415-221-5550,,,,,,Royal Market,,,,,,Geary Boulevard,,,,,,,,,,,,,,,,,,,,,,,,,,,,,,,,,"09:00-20:00",,,/Users/admin/Desktop/QGIS/point.shp
546860.082603709,4176990.15828248,n11029498046,"11029498046",node,supermarket,,,,,,,,,,,,,,,,,,,,,,,,,,,,,,,,,,,,,,,,,,,Four Seasons Market,,,,,,,,,,,,,,,,,,,,,,,,,,,,,,,,,,,,,,,,,,/Users/admin/Desktop/QGIS/point.shp
552951.932883178,4183451.77871563,n11064507175,"11064507175",node,supermarket,,,,,,,,,"0",,,"145",,,,,,,,,,,,,,,,,,,,,,"4601",,yes,+1 415-982-3112,,,https://local.safeway.com/safeway/ca/san-francisco/145-jackson-st.html,,,Safeway,,,,Q1508234,Safeway,Jackson Street,CA,"94111",,,San Francisco,,,,,,,,,,,,,,,,,,,,,,,,,,,,"06:00-21:00",,,/Users/admin/Desktop/QGIS/point.shp
547633.055178095,4175411.07986009,n11162304805,"11162304805",node,supermarket,,,,,,,,,,,,"1616",,,,,,,,,,,,,,,,,,,,,,,,,+1-415-988-7919,,,,,,Fruit Barn,,,,,,Ocean Avenue,CA,"94112",,,San Francisco,,,,,,,,,,,,,,,,,,,,,,,,,,,,Mo-Su 08:00-20:00,,,/Users/admin/Desktop/QGIS/point.shp
547696.718726348,4175394.38320606,n11330110153,"11330110153",node,supermarket,,,,,,,,,,,,"1532",,,,,,,,,,,,,,,,,,,,,,,,,+1-415-587-8908,,,,,,All Fresh Market,,,,,,Ocean Avenue,CA,"94112",,,San Francisco,,,,,,,,,,,,,,,,,,,,,,,,,,,,,,,/Users/admin/Desktop/QGIS/point.shp
551575.902461432,4181923.57112702,n11705132475,"11705132475",node,grocery,,,,,,,,,,,,,,,,,,,,,,,,,,,,,,,,,,,,,,,,,,,Golden Gate Market & Produce,,,,,,,,,,,,,,,,,,,,,,,,,,,,,,,,,,,,,,,,,,/Users/admin/Desktop/QGIS/point.shp
552928.378677607,4181973.07323794,n11897570031,"11897570031",node,supermarket,,,,,,,,,,,,"320",,,,,,,,,,,,,,,,,,,,,,,,,+1 415 979 9946,,,https://chaatcornersf.com/,,,Chaat Corner Indian Grocery,,,,,,3rd Street,,"94107",,,San Francisco,,,,,,,,,,,,,,,,,indian,,,,,,,,,,,,,,/Users/admin/Desktop/QGIS/point.shp
550509.747022618,4181352.08694244,n11950809144,"11950809144",node,supermarket,,,,,,,,,,,,"788",,,yes,yes,,,,,,,,,,,,,,,,2024-06-01,,,,yes,,,,,,,Trader Joe's,,,,Q688825,Trader Joe's,Laguna Street,,,,,,,,,,,,,,,,,,,,,,,,,,,,,,,,,"09:00-21:00",,,/Users/admin/Desktop/QGIS/point.shp
551240.838313883,4178150.00694961,n12522217330,"12522217330",node,supermarket,,,,,,,,,,,,"2990",,,,,,,,,,,,,,,,,,,,2025-01-21,,,,,,,,,,,Samiramis Imports,,,,,,Mission Street,,,,,,,,,,,,,,,,,,,,,,,,,,,,,,,,,,,,/Users/admin/Desktop/QGIS/point.shp
552086.743384375,4176157.33106963,n12730814708,"12730814708",node,,,,,,,,,,,,,,,,,,,,,,,,,,,,,,,,,,,,,,,,,,,,,,,,,,,,,,,,,,,,,,yes,,,,,,,,,,,,,,,,,,,,,,,,/Users/admin/Desktop/QGIS/point.shp
551152.510851451,4179258.45735306,n12863374035,"12863374035",node,supermarket,,,,,,,,,"0",,,"2366",,,,,,,,,,,,,,,,,,,,2025-05-25,,,,yes,,,,,,,Mission Food Center,,,,,,Mission Street,,,,,,,,,,,,,,,,,,,,,,,,,,,,,,,,,,,,/Users/admin/Desktop/QGIS/point.shp
547011.289474678,4179832.84892532,n13069359115,"13069359115",node,supermarket,,,,,,,,,"0",,,"1266",,,,,,,,,,,,,,,,,,,,2026-01-13,,,,yes,,,,,,,Luke's Local,,,,,,9th Avenue,,,,,,,,,,,,,,,,,,,,,,,,,,,,,,,,,,,,/Users/admin/Desktop/QGIS/point.shp
552258.931059881,4183166.30235262,n13311274107,"13311274107",node,supermarket,,,,,,,,,,,,,,,,,,,,,,,,,,,,,,,,,,,,,,,,https://haminimart.com/,,,Ha Mini Mart,,,,,,,,,,,,,,,,,,,,,,,,,,,,,,,,,,,,,,,,,,/Users/admin/Desktop/QGIS/point.shp
553332.132301253,4175468.74636929,n13461244801,"13461244801",node,grocery,,,,,,,,,,,,"5900",,,,,,,,,,,,,,,,,,,,,,,,,,,,https://miranchosupermarket.com/,,,Mi Rancho Supermarket,,,,,,3rd Street,,"94124",,,,,,,,,,,,,,,,,,,,,,,,,,,,,,,Mo-Su 07:00-20:30,,,/Users/admin/Desktop/QGIS/point.shp
